key,option,weighted_share
DIFF1A_W29,Men and women are basically different,0.6811353012732202
DIFF1A_W29,Men and women are basically similar,0.31174358204015323
DIFF1A_W29,Refused,0.007121116686626647
DIFF1B_W29,Men and women are basically different,0.7545634728162728
DIFF1B_W29,Men and women are basically similar,0.2362957255991554
DIFF1B_W29,Refused,0.009140801584571794
DIFF1C_W29,Men and women are basically different,0.6485970554809258
DIFF1C_W29,Men and women are basically similar,0.3438439637714271
DIFF1C_W29,Refused,0.007558980747647069
DIFF1D_W29,Men and women are basically different,0.8680870815007893
DIFF1D_W29,Men and women are basically similar,0.12247697867870219
DIFF1D_W29,Refused,0.00943593982050865
DIFF1E_W29,Men and women are basically different,0.36403520490056174
DIFF1E_W29,Men and women are basically similar,0.6278572448977356
DIFF1E_W29,Refused,0.008107550201702706
MASC1F1_W29,Most people look down on men who are manly or masculine,0.07845259555745274
MASC1F1_W29,Most people look up to men who are manly or masculine,0.5294779469343617
MASC1F1_W29,Neither,0.3850994521387373
MASC1F1_W29,Refused,0.006970005369448216
MASC2AF1_W29,Bad thing,0.37122007580135946
MASC2AF1_W29,Good thing,0.6043720548446175
MASC2AF1_W29,Refused,0.02440786935402311
MASC2BF1_W29,Bad thing,0.9243400261521113
MASC2BF1_W29,Good thing,0.07224556762911542
MASC2BF1_W29,Refused,0.0034144062187733376
FEM1F2_W29,Most people look down on women who are womanly or feminine,0.11095643837029834
FEM1F2_W29,Most people look up to women who are womanly or feminine,0.30744906203353095
FEM1F2_W29,Neither,0.5785509193707646
FEM1F2_W29,Refused,0.0030435802254061436
FEM2AF2_W29,Bad thing,0.1627033235646409
FEM2AF2_W29,Good thing,0.8187089273896605
FEM2AF2_W29,Refused,0.018587749045698643
FEM2BF2_W29,Bad thing,0.9658630363260929
FEM2BF2_W29,Good thing,0.03413696367390721
MAN1A_W29,A lot,0.27475759847716724
MAN1A_W29,None at all,0.033998977358465375
MAN1A_W29,Not too much,0.2559369393025252
MAN1A_W29,Refused,0.002971659087744828
MAN1A_W29,Some,0.4323348257740973
MAN1B_W29,A lot,0.1098015052073076
MAN1B_W29,None at all,0.2542695288928968
MAN1B_W29,Not too much,0.33859874506981436
MAN1B_W29,Refused,0.0059082182594359526
MAN1B_W29,Some,0.29142200257054524
MAN1C_W29,A lot,0.09706866175985722
MAN1C_W29,None at all,0.18634853340220583
MAN1C_W29,Not too much,0.35309657314177845
MAN1C_W29,Refused,0.0033436018606122072
MAN1C_W29,Some,0.36014262983554624
MAN1D_W29,A lot,0.14671935870623584
MAN1D_W29,None at all,0.11945130105399009
MAN1D_W29,Not too much,0.3097278396077937
MAN1D_W29,Refused,0.0032418162251705005
MAN1D_W29,Some,0.4208596844068098
MAN1E_W29,A lot,0.4037363828015458
MAN1E_W29,None at all,0.03683627926423229
MAN1E_W29,Not too much,0.10617600951515674
MAN1E_W29,Refused,0.004202977344111284
MAN1E_W29,Some,0.44904835107495394
BOYSF1A_W29,About right,0.4348540350181723
BOYSF1A_W29,Refused,0.012096626229180217
BOYSF1A_W29,Too little emphasis,0.4085188903684847
BOYSF1A_W29,Too much emphasis,0.1445304483841628
BOYSF1B_W29,About right,0.2915329123888372
BOYSF1B_W29,Refused,0.010252804165589538
BOYSF1B_W29,Too little emphasis,0.5903829246981592
BOYSF1B_W29,Too much emphasis,0.10783135874741387
BOYSF1C_W29,About right,0.46034380001474684
BOYSF1C_W29,Refused,0.01101433551088704
BOYSF1C_W29,Too little emphasis,0.3908224405803194
BOYSF1C_W29,Too much emphasis,0.13781942389404678
BOYSF1D_W29,About right,0.40976392491517055
BOYSF1D_W29,Refused,0.0091288365415733
BOYSF1D_W29,Too little emphasis,0.5163404189942603
BOYSF1D_W29,Too much emphasis,0.06476681954899591
GIRLSF2A_W29,About right,0.3803801091127524
GIRLSF2A_W29,Refused,0.008337818121719902
GIRLSF2A_W29,Too little emphasis,0.5214645905683664
GIRLSF2A_W29,Too much emphasis,0.08981748219716147
GIRLSF2B_W29,About right,0.518625352184805
GIRLSF2B_W29,Refused,0.01180021681039205
GIRLSF2B_W29,Too little emphasis,0.3608646933732702
GIRLSF2B_W29,Too much emphasis,0.10870973763153274
GIRLSF2C_W29,About right,0.4017524239180085
GIRLSF2C_W29,Refused,0.008307442141339778
GIRLSF2C_W29,Too little emphasis,0.5261775730863245
GIRLSF2C_W29,Too much emphasis,0.06376256085432727
GIRLSF2D_W29,About right,0.5047568212997926
GIRLSF2D_W29,Refused,0.008357559009203253
GIRLSF2D_W29,Too little emphasis,0.4137635257251535
GIRLSF2D_W29,Too much emphasis,0.07312209396585066
HARASS1A_W32,Major problem,0.31092506220387217
HARASS1A_W32,Minor problem,0.44843163844646705
HARASS1A_W32,Not a problem,0.21831127338721826
HARASS1A_W32,Refused,0.022332025962442575
HARASS1B_W32,Major problem,0.33741917820889783
HARASS1B_W32,Minor problem,0.38705660617367804
HARASS1B_W32,Not a problem,0.2556275054775207
HARASS1B_W32,Refused,0.01989671013990343
HARASS1C_W32,Major problem,0.4950854466523302
HARASS1C_W32,Minor problem,0.3516070638531715
HARASS1C_W32,Not a problem,0.13600171479282752
HARASS1C_W32,Refused,0.017305774701670874
HARASS1D_W32,Major problem,0.457877568365931
HARASS1D_W32,Minor problem,0.3426695757539439
HARASS1D_W32,Not a problem,0.18046553605842627
HARASS1D_W32,Refused,0.01898731982169881
HARASS2F1_W32,Fewer opportunities for women in the workplace,0.20077035873013016
HARASS2F1_W32,More opportunities for women in the workplace,0.2824380514630512
HARASS2F1_W32,Refused,0.010255205529652353
HARASS2F1_W32,Won't make much of a difference,0.5065363842771663
HARASS3F2_W32,Has made it easier for men,0.11925609991409201
HARASS3F2_W32,Has made it harder for men,0.5103382312813851
HARASS3F2_W32,Hasn't made much difference,0.35675708878447915
HARASS3F2_W32,Refused,0.013648580020043708
WOMENOPPS_W32,Refused,0.01973423615886048
WOMENOPPS_W32,The obstacles that once made it harder for women than men to get ahead are now largely gone,0.4244519008017664
WOMENOPPS_W32,There are still significant obstacles that make it harder for women to get ahead than men,0.5558138630393732
STYLE1_W36,Men and women are basically different,0.5667942019085902
STYLE1_W36,Men and women are basically similar,0.42547429934174885
STYLE1_W36,Refused,0.007731498749660908
STYLE2_W36,Men generally have a better approach,0.15317087607684945
STYLE2_W36,Neither is better,0.6203428631999159
STYLE2_W36,Refused,0.003167622895988942
STYLE2_W36,Women generally have a better approach,0.22331863782724573
AMNTWMNPF1_W36,About the right number of women in high political offices,0.3424767347198447
AMNTWMNPF1_W36,Refused,0.01407767216713316
AMNTWMNPF1_W36,Too few women in high political offices,0.5881367226679678
AMNTWMNPF1_W36,Too many women in high political offices,0.055308870445054316
AMNTWMNP2F1_W36,Having about an equal number of women and men,0.8104599544863202
AMNTWMNP2F1_W36,Having more women than men,0.10772757856366652
AMNTWMNP2F1_W36,Having more women than there are now but still not as many women as men,0.07830902160400871
AMNTWMNP2F1_W36,Refused,0.003503445346004439
AMNTWMNBF1_W36,About the right number of women in top executive business positions,0.34961777664895144
AMNTWMNBF1_W36,Refused,0.014935266667732955
AMNTWMNBF1_W36,Too few women in top executive business positions,0.5947814120328321
AMNTWMNBF1_W36,Too many women in top executive business positions,0.04066554465048347
AMNTWMNB2F1_W36,Having about an equal number of women and men,0.7961385369179107
AMNTWMNB2F1_W36,Having more women than men,0.06346404204926254
AMNTWMNB2F1_W36,Having more women than there are now but still not as many women as men,0.1256966721330881
AMNTWMNB2F1_W36,Refused,0.014700748899738665
EASIERBIZF2_W36,Easier for men to get these positions,0.6741867252714906
EASIERBIZF2_W36,Easier for women to get these positions,0.05938116943506895
EASIERBIZF2_W36,Not much difference,0.261578518506307
EASIERBIZF2_W36,Refused,0.0048535867871333785
EASIERPOLF2_W36,Easier for men to get elected to high political offices,0.6728613317455049
EASIERPOLF2_W36,Easier for women to get elected to high political offices,0.047136637503118785
EASIERPOLF2_W36,Not much difference,0.27368003834828253
EASIERPOLF2_W36,Refused,0.006321992403093909
EQUALPOLF2_W36,"As more women run for office, it is only a matter of time before there are as many women as men in high political office",0.5157233221894816
EQUALPOLF2_W36,"Even as more women run for office, men will continue to hold more high political offices in the future",0.47661897373692197
EQUALPOLF2_W36,Refused,0.007657704073596372
EQUALBIZF2_W36,"As more women move into management roles, it is only a matter of time before there are as many women as men in top execu",0.5274632539923018
EQUALBIZF2_W36,"Even as more women move into management roles, men will continue to hold more top executive positions in business in the",0.4636400684616717
EQUALBIZF2_W36,Refused,0.008896677546026433
IMPROVE1_W36,A lot,0.364498942689807
IMPROVE1_W36,Not much,0.14156516876923933
IMPROVE1_W36,Nothing at all,0.07646250234705612
IMPROVE1_W36,Refused,0.01022916491325329
IMPROVE1_W36,Some,0.4072442212806442
IMPROVE2_W36,A lot,0.1808583072902493
IMPROVE2_W36,Not much,0.28124712900298743
IMPROVE2_W36,Nothing at all,0.13614670343723673
IMPROVE2_W36,Refused,0.009532838280203473
IMPROVE2_W36,Some,0.39221502198932323
IMPROVE3_W36,A lot,0.29126994876991413
IMPROVE3_W36,Not much,0.20537880920507004
IMPROVE3_W36,Nothing at all,0.09844067650142382
IMPROVE3_W36,Refused,0.006873930521036666
IMPROVE3_W36,Some,0.3980366350025553
WHYNOTPOLF1A_W36,Major reason,0.4456366771561667
WHYNOTPOLF1A_W36,Minor reason,0.31127719110532115
WHYNOTPOLF1A_W36,Not a reason,0.23878717714837774
WHYNOTPOLF1A_W36,Refused,0.004298954590134279
WHYNOTPOLF1B_W36,Major reason,0.4854968594420113
WHYNOTPOLF1B_W36,Minor reason,0.3200186970435318
WHYNOTPOLF1B_W36,Not a reason,0.18862343425694367
WHYNOTPOLF1B_W36,Refused,0.005861009257513231
WHYNOTPOLF1C_W36,Major reason,0.3626498573980419
WHYNOTPOLF1C_W36,Minor reason,0.44269060370721613
WHYNOTPOLF1C_W36,Not a reason,0.18945265660007182
WHYNOTPOLF1C_W36,Refused,0.005206882294670176
WHYNOTPOLF1D_W36,Major reason,0.07826248174620429
WHYNOTPOLF1D_W36,Minor reason,0.2849551411154675
WHYNOTPOLF1D_W36,Not a reason,0.632631800049781
WHYNOTPOLF1D_W36,Refused,0.004150577088547064
WHYNOTPOLF1E_W36,Major reason,0.20106595223546855
WHYNOTPOLF1E_W36,Minor reason,0.44332305640114017
WHYNOTPOLF1E_W36,Not a reason,0.34772377616321876
WHYNOTPOLF1E_W36,Refused,0.007887215200172618
WHYNOTPOLF1F_W36,Major reason,0.52188476060686
WHYNOTPOLF1F_W36,Minor reason,0.29870445370312515
WHYNOTPOLF1F_W36,Not a reason,0.17015244528660514
WHYNOTPOLF1F_W36,Refused,0.009258340403409733
WHYNOTPOLF1G_W36,Major reason,0.369197900577849
WHYNOTPOLF1G_W36,Minor reason,0.3095007550017124
WHYNOTPOLF1G_W36,Not a reason,0.31300413320910575
WHYNOTPOLF1G_W36,Refused,0.008297211211332738
WHYNOTPOLF1H_W36,Major reason,0.6062122983728013
WHYNOTPOLF1H_W36,Minor reason,0.2465636286096917
WHYNOTPOLF1H_W36,Not a reason,0.13807456273655425
WHYNOTPOLF1H_W36,Refused,0.009149510280952714
WHYNOTPOLF1I_W36,Major reason,0.2701542604010537
WHYNOTPOLF1I_W36,Minor reason,0.4343904153328014
WHYNOTPOLF1I_W36,Not a reason,0.288124273626305
WHYNOTPOLF1I_W36,Refused,0.00733105063983979
WHYNOTPOLF1J_W36,Major reason,0.420756527589542
WHYNOTPOLF1J_W36,Minor reason,0.3665246901865797
WHYNOTPOLF1J_W36,Not a reason,0.2051982683877355
WHYNOTPOLF1J_W36,Refused,0.007520513836142895
WHYNOTPOLF1K_W36,Major reason,0.11551525574154177
WHYNOTPOLF1K_W36,Minor reason,0.30764130366430503
WHYNOTPOLF1K_W36,Not a reason,0.5741813057728836
WHYNOTPOLF1K_W36,Refused,0.002662134821269576
WHYNOTPOLF1L_W36,Major reason,0.37585681809640537
WHYNOTPOLF1L_W36,Minor reason,0.3966440564752595
WHYNOTPOLF1L_W36,Not a reason,0.22544402060313734
WHYNOTPOLF1L_W36,Refused,0.0020551048251976913
WHYNOTBIZF2A_W36,Major reason,0.4683000671921105
WHYNOTBIZF2A_W36,Minor reason,0.33374413624221755
WHYNOTBIZF2A_W36,Not a reason,0.18949139117232813
WHYNOTBIZF2A_W36,Refused,0.008464405393343772
WHYNOTBIZF2B_W36,Major reason,0.5359692213527305
WHYNOTBIZF2B_W36,Minor reason,0.3116558337839822
WHYNOTBIZF2B_W36,Not a reason,0.1494484650527068
WHYNOTBIZF2B_W36,Refused,0.002926479810580412
WHYNOTBIZF2C_W36,Major reason,0.4446936348713542
WHYNOTBIZF2C_W36,Minor reason,0.40117579682027305
WHYNOTBIZF2C_W36,Not a reason,0.1522080571224223
WHYNOTBIZF2C_W36,Refused,0.0019225111859504545
WHYNOTBIZF2D_W36,Major reason,0.09824472613878724
WHYNOTBIZF2D_W36,Minor reason,0.22919083414195485
WHYNOTBIZF2D_W36,Not a reason,0.6650596107196755
WHYNOTBIZF2D_W36,Refused,0.007504828999582393
WHYNOTBIZF2F_W36,Major reason,0.09024686040115053
WHYNOTBIZF2F_W36,Minor reason,0.18731805128337406
WHYNOTBIZF2F_W36,Not a reason,0.7191100316958084
WHYNOTBIZF2F_W36,Refused,0.0033250566196668936
WHYNOTBIZF2G_W36,Major reason,0.34345377427995577
WHYNOTBIZF2G_W36,Minor reason,0.2956376473127524
WHYNOTBIZF2G_W36,Not a reason,0.3511499751645729
WHYNOTBIZF2G_W36,Refused,0.00975860324271894
WHYNOTBIZF2H_W36,Major reason,0.6031071439918052
WHYNOTBIZF2H_W36,Minor reason,0.24069426002403588
WHYNOTBIZF2H_W36,Not a reason,0.15041756626069763
WHYNOTBIZF2H_W36,Refused,0.005781029723461295
WHYNOTBIZF2I_W36,Major reason,0.173635797561947
WHYNOTBIZF2I_W36,Minor reason,0.3926825353488178
WHYNOTBIZF2I_W36,Not a reason,0.43159109949564683
WHYNOTBIZF2I_W36,Refused,0.002090567593588164
WHYNOTBIZF2J_W36,Major reason,0.43290900909622065
WHYNOTBIZF2J_W36,Minor reason,0.34746567193818945
WHYNOTBIZF2J_W36,Not a reason,0.21614914348300662
WHYNOTBIZF2J_W36,Refused,0.0034761754825832335
WHYNOTBIZF2K_W36,Major reason,0.13782541492359407
WHYNOTBIZF2K_W36,Minor reason,0.33062343289069507
WHYNOTBIZF2K_W36,Not a reason,0.5245492611214796
WHYNOTBIZF2K_W36,Refused,0.0070018910642313205
WHYNOTBIZF2L_W36,Major reason,0.27077355564542804
WHYNOTBIZF2L_W36,Minor reason,0.31725111406480866
WHYNOTBIZF2L_W36,Not a reason,0.4066316838065012
WHYNOTBIZF2L_W36,Refused,0.005343646483262008
WHYNOTBIZF2M_W36,Major reason,0.24072227547582015
WHYNOTBIZF2M_W36,Minor reason,0.4100752807717977
WHYNOTBIZF2M_W36,Not a reason,0.3486988614362465
WHYNOTBIZF2M_W36,Refused,0.000503582316135658
WHYNOTBIZF2N_W36,Major reason,0.2418739886449853
WHYNOTBIZF2N_W36,Minor reason,0.39515428661320506
WHYNOTBIZF2N_W36,Not a reason,0.35979894042733696
WHYNOTBIZF2N_W36,Refused,0.003172784314472833
WHYNOTBIZF2O_W36,Major reason,0.42019430799043994
WHYNOTBIZF2O_W36,Minor reason,0.3849377227904942
WHYNOTBIZF2O_W36,Not a reason,0.19458181684926473
WHYNOTBIZF2O_W36,Refused,0.00028615236980097643
BETTERPOL1F1A_W36,Men are better,0.044328993097853944
BETTERPOL1F1A_W36,No difference,0.6383056643407707
BETTERPOL1F1A_W36,Refused,0.003413219231541346
BETTERPOL1F1A_W36,Women are better,0.313952123329834
BETTERPOL1F1B_W36,Men are better,0.04919494620496047
BETTERPOL1F1B_W36,No difference,0.3347995726708047
BETTERPOL1F1B_W36,Refused,0.00829265753351934
BETTERPOL1F1B_W36,Women are better,0.6077128235907154
BETTERPOL1F1C_W36,Men are better,0.08076141101628506
BETTERPOL1F1C_W36,No difference,0.4979851605756953
BETTERPOL1F1C_W36,Refused,0.005650304782447028
BETTERPOL1F1C_W36,Women are better,0.4156031236255726
BETTERPOL1F1D_W36,Men are better,0.1690554195910293
BETTERPOL1F1D_W36,No difference,0.6502878429306275
BETTERPOL1F1D_W36,Refused,0.010714060068779613
BETTERPOL1F1D_W36,Women are better,0.1699426774095637
BETTERPOL1F1E_W36,Men are better,0.36966132243430755
BETTERPOL1F1E_W36,No difference,0.5393941983324612
BETTERPOL1F1E_W36,Refused,0.0036495966927215595
BETTERPOL1F1E_W36,Women are better,0.08729488254050981
BETTERPOL1F1F_W36,Men are better,0.11381149043731897
BETTERPOL1F1F_W36,No difference,0.5842433567021923
BETTERPOL1F1F_W36,Refused,0.006131980485652158
BETTERPOL1F1F_W36,Women are better,0.29581317237483656
BETTERPOL1F1G_W36,Men are better,0.20182644435112554
BETTERPOL1F1G_W36,No difference,0.58645710220544
BETTERPOL1F1G_W36,Refused,0.006295670293870236
BETTERPOL1F1G_W36,Women are better,0.2054207831495642
BETTERPOL1F1H_W36,Men are better,0.09334287863768478
BETTERPOL1F1H_W36,No difference,0.5566768519050043
BETTERPOL1F1H_W36,Refused,0.006425115858794932
BETTERPOL1F1H_W36,Women are better,0.3435551535985159
BETTERPOL1F1I_W36,Men are better,0.03634180313335875
BETTERPOL1F1I_W36,No difference,0.5544912110772
BETTERPOL1F1I_W36,Refused,0.0030306759014082692
BETTERPOL1F1I_W36,Women are better,0.40613630988803306
BETTERPOL2F1A_W36,Men are better,0.1329608753746822
BETTERPOL2F1A_W36,No difference,0.688849159590373
BETTERPOL2F1A_W36,Refused,0.00616113815894835
BETTERPOL2F1A_W36,Women are better,0.1720288268759965
BETTERPOL2F1B_W36,Men are better,0.040826279572428105
BETTERPOL2F1B_W36,No difference,0.5359732577648803
BETTERPOL2F1B_W36,Refused,0.006738756302696868
BETTERPOL2F1B_W36,Women are better,0.4164617063599948
BETTERPOL2F1C_W36,Men are better,0.12898404707499175
BETTERPOL2F1C_W36,No difference,0.6110331514552088
BETTERPOL2F1C_W36,Refused,0.005436536622022376
BETTERPOL2F1C_W36,Women are better,0.25454626484777704
BETTERPOL2F1D_W36,Men are better,0.3467605538099293
BETTERPOL2F1D_W36,No difference,0.5876129872842081
BETTERPOL2F1D_W36,Refused,0.008580032395795871
BETTERPOL2F1D_W36,Women are better,0.05704642651006687
BETTERPOL2F1E_W36,Men are better,0.08017758742640742
BETTERPOL2F1E_W36,No difference,0.7409589960021304
BETTERPOL2F1E_W36,Refused,0.009421453896820137
BETTERPOL2F1E_W36,Women are better,0.169441962674642
BETTERPOL2F1F_W36,Men are better,0.22367041168852878
BETTERPOL2F1F_W36,No difference,0.5641288644883565
BETTERPOL2F1F_W36,Refused,0.010295670893426522
BETTERPOL2F1F_W36,Women are better,0.20190505292968805
BETTERBIZ1F2A_W36,Men are better,0.027318129604794673
BETTERBIZ1F2A_W36,No difference,0.6680463148602219
BETTERBIZ1F2A_W36,Refused,0.004444662849007553
BETTERBIZ1F2A_W36,Women are better,0.3001908926859759
BETTERBIZ1F2B_W36,Men are better,0.037259280349128954
BETTERBIZ1F2B_W36,No difference,0.3706010341770606
BETTERBIZ1F2B_W36,Refused,0.006443286979720717
BETTERBIZ1F2B_W36,Women are better,0.5856963984940897
BETTERBIZ1F2C_W36,Men are better,0.11442081684527504
BETTERBIZ1F2C_W36,No difference,0.4623435467835367
BETTERBIZ1F2C_W36,Refused,0.004868476475332867
BETTERBIZ1F2C_W36,Women are better,0.41836715989585543
BETTERBIZ1F2D_W36,Men are better,0.21620634606518252
BETTERBIZ1F2D_W36,No difference,0.6396309566579532
BETTERBIZ1F2D_W36,Refused,0.0033307458586198644
BETTERBIZ1F2D_W36,Women are better,0.14083195141824437
BETTERBIZ1F2E_W36,Men are better,0.4133854645168618
BETTERBIZ1F2E_W36,No difference,0.4883294915620946
BETTERBIZ1F2E_W36,Refused,0.01618093610600439
BETTERBIZ1F2E_W36,Women are better,0.0821041078150392
BETTERBIZ1F2F_W36,Men are better,0.031597636080554055
BETTERBIZ1F2F_W36,No difference,0.6157732199001199
BETTERBIZ1F2F_W36,Refused,0.0035569610222860467
BETTERBIZ1F2F_W36,Women are better,0.34907218299704
BETTERBIZ1F2G_W36,Men are better,0.05371429940649116
BETTERBIZ1F2G_W36,No difference,0.66026217485063
BETTERBIZ1F2G_W36,Refused,0.004721237235128392
BETTERBIZ1F2G_W36,Women are better,0.2813022885077503
BETTERBIZ1F2H_W36,Men are better,0.28340830256194327
BETTERBIZ1F2H_W36,No difference,0.6090945719256728
BETTERBIZ1F2H_W36,Refused,0.022006301515740234
BETTERBIZ1F2H_W36,Women are better,0.08549082399664364
BETTERBIZ1F2I_W36,Men are better,0.08192030451144916
BETTERBIZ1F2I_W36,No difference,0.5842331385600329
BETTERBIZ1F2I_W36,Refused,0.006164762588831747
BETTERBIZ1F2I_W36,Women are better,0.32768179433968614
BETTERBIZ1F2J_W36,Men are better,0.09251610672163263
BETTERBIZ1F2J_W36,No difference,0.5628007135445628
BETTERBIZ1F2J_W36,Refused,0.011902209881206048
BETTERBIZ1F2J_W36,Women are better,0.3327809698525985
BETTERBIZ1F2K_W36,Men are better,0.04858263592197168
BETTERBIZ1F2K_W36,No difference,0.5187133282945675
BETTERBIZ1F2K_W36,Refused,0.004132245894885727
BETTERBIZ1F2K_W36,Women are better,0.4285717898885752
BETTERBIZ1F2L_W36,Men are better,0.10237627301956352
BETTERBIZ1F2L_W36,No difference,0.5649900983763892
BETTERBIZ1F2L_W36,Refused,0.014363977671464908
BETTERBIZ1F2L_W36,Women are better,0.3182696509325824
BETTERBIZ2F2A_W36,Men would do a better job,0.19310013988198393
BETTERBIZ2F2A_W36,No difference,0.7017781455792748
BETTERBIZ2F2A_W36,Refused,0.006020167407106587
BETTERBIZ2F2A_W36,Women would do a better job,0.09910154713163487
BETTERBIZ2F2B_W36,Men would do a better job,0.05955508171576372
BETTERBIZ2F2B_W36,No difference,0.6228889859446876
BETTERBIZ2F2B_W36,Refused,0.0035683465555989002
BETTERBIZ2F2B_W36,Women would do a better job,0.31398758578394975
BETTERBIZ2F2C_W36,Men would do a better job,0.14180157517938444
BETTERBIZ2F2C_W36,No difference,0.7193722332965243
BETTERBIZ2F2C_W36,Refused,0.006427780060853176
BETTERBIZ2F2C_W36,Women would do a better job,0.132398411463238
BETTERBIZ2F2D_W36,Men would do a better job,0.3491989553374254
BETTERBIZ2F2D_W36,No difference,0.5716405215508045
BETTERBIZ2F2D_W36,Refused,0.0031429548858275752
BETTERBIZ2F2D_W36,Women would do a better job,0.07601756822594251
BETTERBIZ2F2E_W36,Men would do a better job,0.0831496227736882
BETTERBIZ2F2E_W36,No difference,0.7192531349253001
BETTERBIZ2F2E_W36,Refused,0.005436680059255037
BETTERBIZ2F2E_W36,Women would do a better job,0.19216056224175684
BETTERBIZ2F2F_W36,Men would do a better job,0.4469600291793993
BETTERBIZ2F2F_W36,No difference,0.52239600020316
BETTERBIZ2F2F_W36,Refused,0.009168962471281308
BETTERBIZ2F2F_W36,Women would do a better job,0.02147500814615939
TRAITPOLWF1A_W36,Doesn't make much of a difference,0.24347395852246764
TRAITPOLWF1A_W36,Mostly helps a woman's chances,0.6288940743020633
TRAITPOLWF1A_W36,Mostly hurts a woman's chances,0.11775484267441128
TRAITPOLWF1A_W36,Refused,0.009877124501057719
TRAITPOLWF1B_W36,Doesn't make much of a difference,0.2461304849799974
TRAITPOLWF1B_W36,Mostly helps a woman's chances,0.5749559867594001
TRAITPOLWF1B_W36,Mostly hurts a woman's chances,0.17217784799055777
TRAITPOLWF1B_W36,Refused,0.00673568027004469
TRAITPOLWF1C_W36,Doesn't make much of a difference,0.24002632634121673
TRAITPOLWF1C_W36,Mostly helps a woman's chances,0.5218440150422854
TRAITPOLWF1C_W36,Mostly hurts a woman's chances,0.2315863302977695
TRAITPOLWF1C_W36,Refused,0.006543328318728282
TRAITPOLWF1D_W36,Doesn't make much of a difference,0.22282802121082249
TRAITPOLWF1D_W36,Mostly helps a woman's chances,0.6853795611602468
TRAITPOLWF1D_W36,Mostly hurts a woman's chances,0.08368793747734977
TRAITPOLWF1D_W36,Refused,0.008104480151580818
TRAITPOLWF1E_W36,Doesn't make much of a difference,0.24792636299110182
TRAITPOLWF1E_W36,Mostly helps a woman's chances,0.5040288304434873
TRAITPOLWF1E_W36,Mostly hurts a woman's chances,0.22961875848632082
TRAITPOLWF1E_W36,Refused,0.018426048079090034
TRAITPOLWF1F_W36,Doesn't make much of a difference,0.2920604281210333
TRAITPOLWF1F_W36,Mostly helps a woman's chances,0.17409447330855216
TRAITPOLWF1F_W36,Mostly hurts a woman's chances,0.5194300059404501
TRAITPOLWF1F_W36,Refused,0.014415092629964418
TRAITPOLWF1G_W36,Doesn't make much of a difference,0.3318802248076867
TRAITPOLWF1G_W36,Mostly helps a woman's chances,0.6017456066259483
TRAITPOLWF1G_W36,Mostly hurts a woman's chances,0.05824633337704308
TRAITPOLWF1G_W36,Refused,0.008127835189321905
TRAITPOLMF1A_W36,Doesn't make much of a difference,0.21541575796815557
TRAITPOLMF1A_W36,Mostly helps a man's chances,0.7224992418992352
TRAITPOLMF1A_W36,Mostly hurts a man's chances,0.05340880901917527
TRAITPOLMF1A_W36,Refused,0.008676191113434014
TRAITPOLMF1B_W36,Doesn't make much of a difference,0.3831712732720602
TRAITPOLMF1B_W36,Mostly helps a man's chances,0.4647234407775589
TRAITPOLMF1B_W36,Mostly hurts a man's chances,0.1435355967826099
TRAITPOLMF1B_W36,Refused,0.008569689167770978
TRAITPOLMF1C_W36,Doesn't make much of a difference,0.23021854921694826
TRAITPOLMF1C_W36,Mostly helps a man's chances,0.6938995596725258
TRAITPOLMF1C_W36,Mostly hurts a man's chances,0.06391123599734222
TRAITPOLMF1C_W36,Refused,0.011970655113183817
TRAITPOLMF1D_W36,Doesn't make much of a difference,0.30435633885620345
TRAITPOLMF1D_W36,Mostly helps a man's chances,0.6465269476917351
TRAITPOLMF1D_W36,Mostly hurts a man's chances,0.038431439503241356
TRAITPOLMF1D_W36,Refused,0.01068527394881993
TRAITPOLMF1E_W36,Doesn't make much of a difference,0.21475531357760946
TRAITPOLMF1E_W36,Mostly helps a man's chances,0.7350364285597533
TRAITPOLMF1E_W36,Mostly hurts a man's chances,0.045465295423188556
TRAITPOLMF1E_W36,Refused,0.004742962439448618
TRAITPOLMF1F_W36,Doesn't make much of a difference,0.37248990195185455
TRAITPOLMF1F_W36,Mostly helps a man's chances,0.23623989729831532
TRAITPOLMF1F_W36,Mostly hurts a man's chances,0.38607787669914834
TRAITPOLMF1F_W36,Refused,0.0051923240506818145
TRAITPOLMF1G_W36,Doesn't make much of a difference,0.48280746523015977
TRAITPOLMF1G_W36,Mostly helps a man's chances,0.4887996042750008
TRAITPOLMF1G_W36,Mostly hurts a man's chances,0.025516623533208074
TRAITPOLMF1G_W36,Refused,0.0028763069616312346
POLCHF1_W36,Having children before she enters politics,0.5101413121026754
POLCHF1_W36,Not having children at all,0.192776893349045
POLCHF1_W36,Refused,0.033112677888717475
POLCHF1_W36,Waiting until she is well-established in her political career to have children,0.2639691166595621
TRAITBIZWF2A_W36,Doesn't make much of a difference,0.26164099099570026
TRAITBIZWF2A_W36,Mostly helps a woman's chances,0.6298561348981536
TRAITBIZWF2A_W36,Mostly hurts a woman's chances,0.09586516407878633
TRAITBIZWF2A_W36,Refused,0.012637710027359864
TRAITBIZWF2B_W36,Doesn't make much of a difference,0.37288778759669516
TRAITBIZWF2B_W36,Mostly helps a woman's chances,0.3512678761985948
TRAITBIZWF2B_W36,Mostly hurts a woman's chances,0.26849460014341414
TRAITBIZWF2B_W36,Refused,0.007349736061296101
TRAITBIZWF2C_W36,Doesn't make much of a difference,0.23772272174930056
TRAITBIZWF2C_W36,Mostly helps a woman's chances,0.5428420653323837
TRAITBIZWF2C_W36,Mostly hurts a woman's chances,0.19994031221834907
TRAITBIZWF2C_W36,Refused,0.019494900699966646
TRAITBIZWF2D_W36,Doesn't make much of a difference,0.3094690397881934
TRAITBIZWF2D_W36,Mostly helps a woman's chances,0.5845113176215588
TRAITBIZWF2D_W36,Mostly hurts a woman's chances,0.08908590346408721
TRAITBIZWF2D_W36,Refused,0.016933739126160478
TRAITBIZWF2E_W36,Doesn't make much of a difference,0.21806016367419973
TRAITBIZWF2E_W36,Mostly helps a woman's chances,0.5271792673479218
TRAITBIZWF2E_W36,Mostly hurts a woman's chances,0.23970747268467663
TRAITBIZWF2E_W36,Refused,0.015053096293201812
TRAITBIZWF2F_W36,Doesn't make much of a difference,0.23894965360213608
TRAITBIZWF2F_W36,Mostly helps a woman's chances,0.1019601982948738
TRAITBIZWF2F_W36,Mostly hurts a woman's chances,0.6501124309372014
TRAITBIZWF2F_W36,Refused,0.00897771716578866
TRAITBIZWF2G_W36,Doesn't make much of a difference,0.21189786743229141
TRAITBIZWF2G_W36,Mostly helps a woman's chances,0.6926524921669344
TRAITBIZWF2G_W36,Mostly hurts a woman's chances,0.08212643044533761
TRAITBIZWF2G_W36,Refused,0.013323209955436809
TRAITBIZMF2A_W36,Doesn't make much of a difference,0.21092281942120428
TRAITBIZMF2A_W36,Mostly helps a man's chances,0.7394558859186422
TRAITBIZMF2A_W36,Mostly hurts a man's chances,0.03838189143239436
TRAITBIZMF2A_W36,Refused,0.011239403227759265
TRAITBIZMF2B_W36,Doesn't make much of a difference,0.4664079810622766
TRAITBIZMF2B_W36,Mostly helps a man's chances,0.29238234587922834
TRAITBIZMF2B_W36,Mostly hurts a man's chances,0.22237183417429726
TRAITBIZMF2B_W36,Refused,0.018837838884197718
TRAITBIZMF2C_W36,Doesn't make much of a difference,0.21922779235688075
TRAITBIZMF2C_W36,Mostly helps a man's chances,0.7131310400792431
TRAITBIZMF2C_W36,Mostly hurts a man's chances,0.058295420556927574
TRAITBIZMF2C_W36,Refused,0.009345747006948369
TRAITBIZMF2D_W36,Doesn't make much of a difference,0.33871729086608343
TRAITBIZMF2D_W36,Mostly helps a man's chances,0.5972553179035464
TRAITBIZMF2D_W36,Mostly hurts a man's chances,0.04796084063603258
TRAITBIZMF2D_W36,Refused,0.01606655059433776
TRAITBIZMF2E_W36,Doesn't make much of a difference,0.19928274549028602
TRAITBIZMF2E_W36,Mostly helps a man's chances,0.7339240859424452
TRAITBIZMF2E_W36,Mostly hurts a man's chances,0.0478501952851614
TRAITBIZMF2E_W36,Refused,0.018942973282107534
TRAITBIZMF2F_W36,Doesn't make much of a difference,0.32588614989645653
TRAITBIZMF2F_W36,Mostly helps a man's chances,0.08122930094781397
TRAITBIZMF2F_W36,Mostly hurts a man's chances,0.5801679212609886
TRAITBIZMF2F_W36,Refused,0.012716627894740873
TRAITBIZMF2G_W36,Doesn't make much of a difference,0.4090190712396821
TRAITBIZMF2G_W36,Mostly helps a man's chances,0.5398014335570441
TRAITBIZMF2G_W36,Mostly hurts a man's chances,0.0411590770873636
TRAITBIZMF2G_W36,Refused,0.010020418115910175
EXECCHF2_W36,Having children early on in her career,0.23166710572756877
EXECCHF2_W36,Not having children at all,0.33716884166980143
EXECCHF2_W36,Refused,0.017540564564590674
EXECCHF2_W36,Waiting until she is well-established in her career to have children,0.4136234880380392
WMNPRZ1_W36,Refused,0.01607070562530821
WMNPRZ1_W36,Somewhat bad,0.11786825315302323
WMNPRZ1_W36,Somewhat good,0.4208675332629182
WMNPRZ1_W36,Very bad,0.04360172409005221
WMNPRZ1_W36,Very good,0.40159178386869826
MOREWMN1F2_W36,A bad thing,0.05270262361435989
MOREWMN1F2_W36,A good thing,0.6122947271752271
MOREWMN1F2_W36,Neither a good thing nor a bad thing,0.3287237836258915
MOREWMN1F2_W36,Refused,0.006278865584521497
MOREWMN2F2_W36,Do a better job of dealing with the country's problems,0.3858556113761415
MOREWMN2F2_W36,Do a worse job of dealing with the country's problems,0.07372372034311386
MOREWMN2F2_W36,Refused,0.010982857370182559
MOREWMN2F2_W36,The number of women in Congress doesn't have much to with this,0.5294378109105621
MOREWMN3F2_W36,Refused,0.012025361892983812
MOREWMN3F2_W36,The number of women in Congress doesn't have much to with this,0.5935843655249848
MOREWMN3F2_W36,less openness and transparency in government,0.0513267060025622
MOREWMN3F2_W36,more openness and transparency in government,0.3430635665794693
MOREWMN4F2_W36,Refused,0.006388203847445723
MOREWMN4F2_W36,The number of women in Congress doesn't have much to with this,0.5352170117574907
MOREWMN4F2_W36,The tone of political debate in Washington would be less respectful,0.0976148238675152
MOREWMN4F2_W36,The tone of political debate in Washington would be more respectful,0.3607799605275484
HARASS1NOWRKF2a_W41,Major problem,0.48747678329617194
HARASS1NOWRKF2a_W41,Minor problem,0.41280147514072607
HARASS1NOWRKF2a_W41,Not a problem,0.09747940276835887
HARASS1NOWRKF2a_W41,Refused,0.0022423387947430136
HARASS1NOWRKF2c_W41,Major problem,0.6907311784079293
HARASS1NOWRKF2c_W41,Minor problem,0.266772059015329
HARASS1NOWRKF2c_W41,Not a problem,0.03950734924223406
HARASS1NOWRKF2c_W41,Refused,0.002989413334507651
HARASS1NOWRKF2d_W41,Major problem,0.5979115726163139
HARASS1NOWRKF2d_W41,Minor problem,0.31288925770200576
HARASS1NOWRKF2d_W41,Not a problem,0.0818816071498257
HARASS1NOWRKF2d_W41,Refused,0.007317562531854462
HARASS3NOWRKF2_W41,Has made it easier for men,0.12456868544149101
HARASS3NOWRKF2_W41,Has made it harder for men,0.5459954409158708
HARASS3NOWRKF2_W41,Hasn't made much difference,0.32242777166853237
HARASS3NOWRKF2_W41,Refused,0.007008101974105799
ADMISSIONb_W43,Major factor,0.04611978972407064
ADMISSIONb_W43,Minor factor,0.13835464373205825
ADMISSIONb_W43,Not a factor,0.8100004519433561
ADMISSIONb_W43,Refused,0.00552511460051511
RACESURV5i_W43,Helps a little,0.277390114439518
RACESURV5i_W43,Helps a lot,0.377499787353357
RACESURV5i_W43,Hurts a little,0.07031947997849942
RACESURV5i_W43,Hurts a lot,0.026347541563231793
RACESURV5i_W43,Neither helps nor hurts,0.24162984334334234
RACESURV5i_W43,Refused,0.006813233322051485
RACESURV5j_W43,Helps a little,0.15043539725430774
RACESURV5j_W43,Helps a lot,0.07784854653520316
RACESURV5j_W43,Hurts a little,0.4124639184900766
RACESURV5j_W43,Hurts a lot,0.09881956431169771
RACESURV5j_W43,Neither helps nor hurts,0.25308329417476527
RACESURV5j_W43,Refused,0.0073492792339495015
FAMSURV2Ma_W50,Essential,0.1642348176427125
FAMSURV2Ma_W50,"Important, but not essential",0.5441817666899029
FAMSURV2Ma_W50,Not important,0.2855652634428919
FAMSURV2Ma_W50,Refused,0.006018152224492703
FAMSURV2Mb_W50,Essential,0.2620868216127215
FAMSURV2Mb_W50,"Important, but not essential",0.5865606817782005
FAMSURV2Mb_W50,Not important,0.1436261228760072
FAMSURV2Mb_W50,Refused,0.007726373733070982
FAMSURV2Mc_W50,Essential,0.16379534853722633
FAMSURV2Mc_W50,"Important, but not essential",0.5762951788088104
FAMSURV2Mc_W50,Not important,0.25278999623575094
FAMSURV2Mc_W50,Refused,0.007119476418212253
FAMSURV2Md_W50,Essential,0.5705733590836529
FAMSURV2Md_W50,"Important, but not essential",0.39254481802740093
FAMSURV2Md_W50,Not important,0.030106361754311264
FAMSURV2Md_W50,Refused,0.006775461134634872
FAMSURV2Me_W50,Essential,0.20313366293919866
FAMSURV2Me_W50,"Important, but not essential",0.6465385196972987
FAMSURV2Me_W50,Not important,0.14330291265811326
FAMSURV2Me_W50,Refused,0.007024904705389393
FAMSURV2Wa_W50,Essential,0.1720705880514315
FAMSURV2Wa_W50,"Important, but not essential",0.5425273995492527
FAMSURV2Wa_W50,Not important,0.27660147082453895
FAMSURV2Wa_W50,Refused,0.008800541574776874
FAMSURV2Wb_W50,Essential,0.2975863992500456
FAMSURV2Wb_W50,"Important, but not essential",0.5657420747974634
FAMSURV2Wb_W50,Not important,0.12883908617263568
FAMSURV2Wb_W50,Refused,0.007832439779855182
FAMSURV2Wc_W50,Essential,0.2168598846872461
FAMSURV2Wc_W50,"Important, but not essential",0.5666913952027703
FAMSURV2Wc_W50,Not important,0.20779809680342476
FAMSURV2Wc_W50,Refused,0.00865062330655879
FAMSURV2Wd_W50,Essential,0.45889011729867335
FAMSURV2Wd_W50,"Important, but not essential",0.48388678373579946
FAMSURV2Wd_W50,Not important,0.048962762370377784
FAMSURV2Wd_W50,Refused,0.008260336595149397
FAMSURV2We_W50,Essential,0.150946401567682
FAMSURV2We_W50,"Important, but not essential",0.6816212879716119
FAMSURV2We_W50,Not important,0.1582275560598418
FAMSURV2We_W50,Refused,0.009204754400864254
FAMSURV11W_W50,Not working for pay at all,0.20954898696823052
FAMSURV11W_W50,Refused,0.043846808252551925
FAMSURV11W_W50,Working full-time for pay,0.32711342121737513
FAMSURV11W_W50,Working part-time for pay,0.4194907835618424
FAMSURV11M_W50,Not working for pay at all,0.034826963342179836
FAMSURV11M_W50,Refused,0.048450742372848805
FAMSURV11M_W50,Working full-time for pay,0.7564192542398946
FAMSURV11M_W50,Working part-time for pay,0.16030304004507667
PAR2CHILDa_W92,Father,0.010568587422367524
PAR2CHILDa_W92,It doesn't matter which parent stays home,0.6224863262242657
PAR2CHILDa_W92,Mother,0.35992266653155486
PAR2CHILDa_W92,Refused,0.007022419821811885
