id,key,answer_order,sample_id,answers,chosen_letter,chosen_answer,full_output,model,temperature,top_p
144,RACESURV5i_W43,options_123456,0,"['Helps a lot', 'Helps a little', 'Hurts a little', 'Hurts a lot', 'Neither helps nor hurts', 'Refused']",D,Hurts a lot,"system

Cutting Knowledge Date: December 2023
Today Date: 26 Jul 2024

You are answering a multiple-choice question.

Instructions:
- Choose exactly ONE option.
- Answer using ONLY the letter (A, B, C, D, E, or F).
- Do not explain your reasoning.user

Question:
Overall, how does being a man affect people's ability to get ahead in society these days?

Options:
A. Helps a lot
B. Helps a little
C. Hurts a little
D. Hurts a lot
E. Neither helps nor hurts
F. Refused

Answer:assistant

D.",meta-llama/Llama-3.1-8B-Instruct,0.7,0.9
144,RACESURV5i_W43,options_123456,1,"['Helps a lot', 'Helps a little', 'Hurts a little', 'Hurts a lot', 'Neither helps nor hurts', 'Refused']",E,Neither helps nor hurts,"system

Cutting Knowledge Date: December 2023
Today Date: 26 Jul 2024

You are answering a multiple-choice question.

Instructions:
- Choose exactly ONE option.
- Answer using ONLY the letter (A, B, C, D, E, or F).
- Do not explain your reasoning.user

Question:
Overall, how does being a man affect people's ability to get ahead in society these days?

Options:
A. Helps a lot
B. Helps a little
C. Hurts a little
D. Hurts a lot
E. Neither helps nor hurts
F. Refused

Answer:assistant

E.",meta-llama/Llama-3.1-8B-Instruct,0.7,0.9
144,RACESURV5i_W43,options_123456,2,"['Helps a lot', 'Helps a little', 'Hurts a little', 'Hurts a lot', 'Neither helps nor hurts', 'Refused']",D,Hurts a lot,"system

Cutting Knowledge Date: December 2023
Today Date: 26 Jul 2024

You are answering a multiple-choice question.

Instructions:
- Choose exactly ONE option.
- Answer using ONLY the letter (A, B, C, D, E, or F).
- Do not explain your reasoning.user

Question:
Overall, how does being a man affect people's ability to get ahead in society these days?

Options:
A. Helps a lot
B. Helps a little
C. Hurts a little
D. Hurts a lot
E. Neither helps nor hurts
F. Refused

Answer:assistant

D.",meta-llama/Llama-3.1-8B-Instruct,0.7,0.9
144,RACESURV5i_W43,options_123456,3,"['Helps a lot', 'Helps a little', 'Hurts a little', 'Hurts a lot', 'Neither helps nor hurts', 'Refused']",D,Hurts a lot,"system

Cutting Knowledge Date: December 2023
Today Date: 26 Jul 2024

You are answering a multiple-choice question.

Instructions:
- Choose exactly ONE option.
- Answer using ONLY the letter (A, B, C, D, E, or F).
- Do not explain your reasoning.user

Question:
Overall, how does being a man affect people's ability to get ahead in society these days?

Options:
A. Helps a lot
B. Helps a little
C. Hurts a little
D. Hurts a lot
E. Neither helps nor hurts
F. Refused

Answer:assistant

D",meta-llama/Llama-3.1-8B-Instruct,0.7,0.9
144,RACESURV5i_W43,options_123456,4,"['Helps a lot', 'Helps a little', 'Hurts a little', 'Hurts a lot', 'Neither helps nor hurts', 'Refused']",D,Hurts a lot,"system

Cutting Knowledge Date: December 2023
Today Date: 26 Jul 2024

You are answering a multiple-choice question.

Instructions:
- Choose exactly ONE option.
- Answer using ONLY the letter (A, B, C, D, E, or F).
- Do not explain your reasoning.user

Question:
Overall, how does being a man affect people's ability to get ahead in society these days?

Options:
A. Helps a lot
B. Helps a little
C. Hurts a little
D. Hurts a lot
E. Neither helps nor hurts
F. Refused

Answer:assistant

D.",meta-llama/Llama-3.1-8B-Instruct,0.7,0.9
144,RACESURV5i_W43,options_123456,5,"['Helps a lot', 'Helps a little', 'Hurts a little', 'Hurts a lot', 'Neither helps nor hurts', 'Refused']",D,Hurts a lot,"system

Cutting Knowledge Date: December 2023
Today Date: 26 Jul 2024

You are answering a multiple-choice question.

Instructions:
- Choose exactly ONE option.
- Answer using ONLY the letter (A, B, C, D, E, or F).
- Do not explain your reasoning.user

Question:
Overall, how does being a man affect people's ability to get ahead in society these days?

Options:
A. Helps a lot
B. Helps a little
C. Hurts a little
D. Hurts a lot
E. Neither helps nor hurts
F. Refused

Answer:assistant

D",meta-llama/Llama-3.1-8B-Instruct,0.7,0.9
144,RACESURV5i_W43,options_123456,6,"['Helps a lot', 'Helps a little', 'Hurts a little', 'Hurts a lot', 'Neither helps nor hurts', 'Refused']",D,Hurts a lot,"system

Cutting Knowledge Date: December 2023
Today Date: 26 Jul 2024

You are answering a multiple-choice question.

Instructions:
- Choose exactly ONE option.
- Answer using ONLY the letter (A, B, C, D, E, or F).
- Do not explain your reasoning.user

Question:
Overall, how does being a man affect people's ability to get ahead in society these days?

Options:
A. Helps a lot
B. Helps a little
C. Hurts a little
D. Hurts a lot
E. Neither helps nor hurts
F. Refused

Answer:assistant

D",meta-llama/Llama-3.1-8B-Instruct,0.7,0.9
144,RACESURV5i_W43,options_123456,7,"['Helps a lot', 'Helps a little', 'Hurts a little', 'Hurts a lot', 'Neither helps nor hurts', 'Refused']",C,Hurts a little,"system

Cutting Knowledge Date: December 2023
Today Date: 26 Jul 2024

You are answering a multiple-choice question.

Instructions:
- Choose exactly ONE option.
- Answer using ONLY the letter (A, B, C, D, E, or F).
- Do not explain your reasoning.user

Question:
Overall, how does being a man affect people's ability to get ahead in society these days?

Options:
A. Helps a lot
B. Helps a little
C. Hurts a little
D. Hurts a lot
E. Neither helps nor hurts
F. Refused

Answer:assistant

C.",meta-llama/Llama-3.1-8B-Instruct,0.7,0.9
144,RACESURV5i_W43,options_123456,8,"['Helps a lot', 'Helps a little', 'Hurts a little', 'Hurts a lot', 'Neither helps nor hurts', 'Refused']",D,Hurts a lot,"system

Cutting Knowledge Date: December 2023
Today Date: 26 Jul 2024

You are answering a multiple-choice question.

Instructions:
- Choose exactly ONE option.
- Answer using ONLY the letter (A, B, C, D, E, or F).
- Do not explain your reasoning.user

Question:
Overall, how does being a man affect people's ability to get ahead in society these days?

Options:
A. Helps a lot
B. Helps a little
C. Hurts a little
D. Hurts a lot
E. Neither helps nor hurts
F. Refused

Answer:assistant

D",meta-llama/Llama-3.1-8B-Instruct,0.7,0.9
144,RACESURV5i_W43,options_123456,9,"['Helps a lot', 'Helps a little', 'Hurts a little', 'Hurts a lot', 'Neither helps nor hurts', 'Refused']",D,Hurts a lot,"system

Cutting Knowledge Date: December 2023
Today Date: 26 Jul 2024

You are answering a multiple-choice question.

Instructions:
- Choose exactly ONE option.
- Answer using ONLY the letter (A, B, C, D, E, or F).
- Do not explain your reasoning.user

Question:
Overall, how does being a man affect people's ability to get ahead in society these days?

Options:
A. Helps a lot
B. Helps a little
C. Hurts a little
D. Hurts a lot
E. Neither helps nor hurts
F. Refused

Answer:assistant

D.",meta-llama/Llama-3.1-8B-Instruct,0.7,0.9
144,RACESURV5i_W43,options_234561,0,"['Helps a little', 'Hurts a little', 'Hurts a lot', 'Neither helps nor hurts', 'Refused', 'Helps a lot']",D,Neither helps nor hurts,"system

Cutting Knowledge Date: December 2023
Today Date: 26 Jul 2024

You are answering a multiple-choice question.

Instructions:
- Choose exactly ONE option.
- Answer using ONLY the letter (A, B, C, D, E, or F).
- Do not explain your reasoning.user

Question:
Overall, how does being a man affect people's ability to get ahead in society these days?

Options:
A. Helps a little
B. Hurts a little
C. Hurts a lot
D. Neither helps nor hurts
E. Refused
F. Helps a lot

Answer:assistant

D",meta-llama/Llama-3.1-8B-Instruct,0.7,0.9
144,RACESURV5i_W43,options_234561,1,"['Helps a little', 'Hurts a little', 'Hurts a lot', 'Neither helps nor hurts', 'Refused', 'Helps a lot']",C,Hurts a lot,"system

Cutting Knowledge Date: December 2023
Today Date: 26 Jul 2024

You are answering a multiple-choice question.

Instructions:
- Choose exactly ONE option.
- Answer using ONLY the letter (A, B, C, D, E, or F).
- Do not explain your reasoning.user

Question:
Overall, how does being a man affect people's ability to get ahead in society these days?

Options:
A. Helps a little
B. Hurts a little
C. Hurts a lot
D. Neither helps nor hurts
E. Refused
F. Helps a lot

Answer:assistant

C.",meta-llama/Llama-3.1-8B-Instruct,0.7,0.9
144,RACESURV5i_W43,options_234561,2,"['Helps a little', 'Hurts a little', 'Hurts a lot', 'Neither helps nor hurts', 'Refused', 'Helps a lot']",B,Hurts a little,"system

Cutting Knowledge Date: December 2023
Today Date: 26 Jul 2024

You are answering a multiple-choice question.

Instructions:
- Choose exactly ONE option.
- Answer using ONLY the letter (A, B, C, D, E, or F).
- Do not explain your reasoning.user

Question:
Overall, how does being a man affect people's ability to get ahead in society these days?

Options:
A. Helps a little
B. Hurts a little
C. Hurts a lot
D. Neither helps nor hurts
E. Refused
F. Helps a lot

Answer:assistant

B.",meta-llama/Llama-3.1-8B-Instruct,0.7,0.9
144,RACESURV5i_W43,options_234561,3,"['Helps a little', 'Hurts a little', 'Hurts a lot', 'Neither helps nor hurts', 'Refused', 'Helps a lot']",C,Hurts a lot,"system

Cutting Knowledge Date: December 2023
Today Date: 26 Jul 2024

You are answering a multiple-choice question.

Instructions:
- Choose exactly ONE option.
- Answer using ONLY the letter (A, B, C, D, E, or F).
- Do not explain your reasoning.user

Question:
Overall, how does being a man affect people's ability to get ahead in society these days?

Options:
A. Helps a little
B. Hurts a little
C. Hurts a lot
D. Neither helps nor hurts
E. Refused
F. Helps a lot

Answer:assistant

C.",meta-llama/Llama-3.1-8B-Instruct,0.7,0.9
144,RACESURV5i_W43,options_234561,4,"['Helps a little', 'Hurts a little', 'Hurts a lot', 'Neither helps nor hurts', 'Refused', 'Helps a lot']",F,Helps a lot,"system

Cutting Knowledge Date: December 2023
Today Date: 26 Jul 2024

You are answering a multiple-choice question.

Instructions:
- Choose exactly ONE option.
- Answer using ONLY the letter (A, B, C, D, E, or F).
- Do not explain your reasoning.user

Question:
Overall, how does being a man affect people's ability to get ahead in society these days?

Options:
A. Helps a little
B. Hurts a little
C. Hurts a lot
D. Neither helps nor hurts
E. Refused
F. Helps a lot

Answer:assistant

F",meta-llama/Llama-3.1-8B-Instruct,0.7,0.9
144,RACESURV5i_W43,options_234561,5,"['Helps a little', 'Hurts a little', 'Hurts a lot', 'Neither helps nor hurts', 'Refused', 'Helps a lot']",B,Hurts a little,"system

Cutting Knowledge Date: December 2023
Today Date: 26 Jul 2024

You are answering a multiple-choice question.

Instructions:
- Choose exactly ONE option.
- Answer using ONLY the letter (A, B, C, D, E, or F).
- Do not explain your reasoning.user

Question:
Overall, how does being a man affect people's ability to get ahead in society these days?

Options:
A. Helps a little
B. Hurts a little
C. Hurts a lot
D. Neither helps nor hurts
E. Refused
F. Helps a lot

Answer:assistant

B.",meta-llama/Llama-3.1-8B-Instruct,0.7,0.9
144,RACESURV5i_W43,options_234561,6,"['Helps a little', 'Hurts a little', 'Hurts a lot', 'Neither helps nor hurts', 'Refused', 'Helps a lot']",D,Neither helps nor hurts,"system

Cutting Knowledge Date: December 2023
Today Date: 26 Jul 2024

You are answering a multiple-choice question.

Instructions:
- Choose exactly ONE option.
- Answer using ONLY the letter (A, B, C, D, E, or F).
- Do not explain your reasoning.user

Question:
Overall, how does being a man affect people's ability to get ahead in society these days?

Options:
A. Helps a little
B. Hurts a little
C. Hurts a lot
D. Neither helps nor hurts
E. Refused
F. Helps a lot

Answer:assistant

D",meta-llama/Llama-3.1-8B-Instruct,0.7,0.9
144,RACESURV5i_W43,options_234561,7,"['Helps a little', 'Hurts a little', 'Hurts a lot', 'Neither helps nor hurts', 'Refused', 'Helps a lot']",B,Hurts a little,"system

Cutting Knowledge Date: December 2023
Today Date: 26 Jul 2024

You are answering a multiple-choice question.

Instructions:
- Choose exactly ONE option.
- Answer using ONLY the letter (A, B, C, D, E, or F).
- Do not explain your reasoning.user

Question:
Overall, how does being a man affect people's ability to get ahead in society these days?

Options:
A. Helps a little
B. Hurts a little
C. Hurts a lot
D. Neither helps nor hurts
E. Refused
F. Helps a lot

Answer:assistant

B.",meta-llama/Llama-3.1-8B-Instruct,0.7,0.9
144,RACESURV5i_W43,options_234561,8,"['Helps a little', 'Hurts a little', 'Hurts a lot', 'Neither helps nor hurts', 'Refused', 'Helps a lot']",C,Hurts a lot,"system

Cutting Knowledge Date: December 2023
Today Date: 26 Jul 2024

You are answering a multiple-choice question.

Instructions:
- Choose exactly ONE option.
- Answer using ONLY the letter (A, B, C, D, E, or F).
- Do not explain your reasoning.user

Question:
Overall, how does being a man affect people's ability to get ahead in society these days?

Options:
A. Helps a little
B. Hurts a little
C. Hurts a lot
D. Neither helps nor hurts
E. Refused
F. Helps a lot

Answer:assistant

C",meta-llama/Llama-3.1-8B-Instruct,0.7,0.9
144,RACESURV5i_W43,options_234561,9,"['Helps a little', 'Hurts a little', 'Hurts a lot', 'Neither helps nor hurts', 'Refused', 'Helps a lot']",D,Neither helps nor hurts,"system

Cutting Knowledge Date: December 2023
Today Date: 26 Jul 2024

You are answering a multiple-choice question.

Instructions:
- Choose exactly ONE option.
- Answer using ONLY the letter (A, B, C, D, E, or F).
- Do not explain your reasoning.user

Question:
Overall, how does being a man affect people's ability to get ahead in society these days?

Options:
A. Helps a little
B. Hurts a little
C. Hurts a lot
D. Neither helps nor hurts
E. Refused
F. Helps a lot

Answer:assistant

D",meta-llama/Llama-3.1-8B-Instruct,0.7,0.9
144,RACESURV5i_W43,options_345612,0,"['Hurts a little', 'Hurts a lot', 'Neither helps nor hurts', 'Refused', 'Helps a lot', 'Helps a little']",F,Helps a little,"system

Cutting Knowledge Date: December 2023
Today Date: 26 Jul 2024

You are answering a multiple-choice question.

Instructions:
- Choose exactly ONE option.
- Answer using ONLY the letter (A, B, C, D, E, or F).
- Do not explain your reasoning.user

Question:
Overall, how does being a man affect people's ability to get ahead in society these days?

Options:
A. Hurts a little
B. Hurts a lot
C. Neither helps nor hurts
D. Refused
E. Helps a lot
F. Helps a little

Answer:assistant

F",meta-llama/Llama-3.1-8B-Instruct,0.7,0.9
144,RACESURV5i_W43,options_345612,1,"['Hurts a little', 'Hurts a lot', 'Neither helps nor hurts', 'Refused', 'Helps a lot', 'Helps a little']",C,Neither helps nor hurts,"system

Cutting Knowledge Date: December 2023
Today Date: 26 Jul 2024

You are answering a multiple-choice question.

Instructions:
- Choose exactly ONE option.
- Answer using ONLY the letter (A, B, C, D, E, or F).
- Do not explain your reasoning.user

Question:
Overall, how does being a man affect people's ability to get ahead in society these days?

Options:
A. Hurts a little
B. Hurts a lot
C. Neither helps nor hurts
D. Refused
E. Helps a lot
F. Helps a little

Answer:assistant

C",meta-llama/Llama-3.1-8B-Instruct,0.7,0.9
144,RACESURV5i_W43,options_345612,2,"['Hurts a little', 'Hurts a lot', 'Neither helps nor hurts', 'Refused', 'Helps a lot', 'Helps a little']",F,Helps a little,"system

Cutting Knowledge Date: December 2023
Today Date: 26 Jul 2024

You are answering a multiple-choice question.

Instructions:
- Choose exactly ONE option.
- Answer using ONLY the letter (A, B, C, D, E, or F).
- Do not explain your reasoning.user

Question:
Overall, how does being a man affect people's ability to get ahead in society these days?

Options:
A. Hurts a little
B. Hurts a lot
C. Neither helps nor hurts
D. Refused
E. Helps a lot
F. Helps a little

Answer:assistant

F.",meta-llama/Llama-3.1-8B-Instruct,0.7,0.9
144,RACESURV5i_W43,options_345612,3,"['Hurts a little', 'Hurts a lot', 'Neither helps nor hurts', 'Refused', 'Helps a lot', 'Helps a little']",F,Helps a little,"system

Cutting Knowledge Date: December 2023
Today Date: 26 Jul 2024

You are answering a multiple-choice question.

Instructions:
- Choose exactly ONE option.
- Answer using ONLY the letter (A, B, C, D, E, or F).
- Do not explain your reasoning.user

Question:
Overall, how does being a man affect people's ability to get ahead in society these days?

Options:
A. Hurts a little
B. Hurts a lot
C. Neither helps nor hurts
D. Refused
E. Helps a lot
F. Helps a little

Answer:assistant

F",meta-llama/Llama-3.1-8B-Instruct,0.7,0.9
144,RACESURV5i_W43,options_345612,4,"['Hurts a little', 'Hurts a lot', 'Neither helps nor hurts', 'Refused', 'Helps a lot', 'Helps a little']",F,Helps a little,"system

Cutting Knowledge Date: December 2023
Today Date: 26 Jul 2024

You are answering a multiple-choice question.

Instructions:
- Choose exactly ONE option.
- Answer using ONLY the letter (A, B, C, D, E, or F).
- Do not explain your reasoning.user

Question:
Overall, how does being a man affect people's ability to get ahead in society these days?

Options:
A. Hurts a little
B. Hurts a lot
C. Neither helps nor hurts
D. Refused
E. Helps a lot
F. Helps a little

Answer:assistant

F",meta-llama/Llama-3.1-8B-Instruct,0.7,0.9
144,RACESURV5i_W43,options_345612,5,"['Hurts a little', 'Hurts a lot', 'Neither helps nor hurts', 'Refused', 'Helps a lot', 'Helps a little']",F,Helps a little,"system

Cutting Knowledge Date: December 2023
Today Date: 26 Jul 2024

You are answering a multiple-choice question.

Instructions:
- Choose exactly ONE option.
- Answer using ONLY the letter (A, B, C, D, E, or F).
- Do not explain your reasoning.user

Question:
Overall, how does being a man affect people's ability to get ahead in society these days?

Options:
A. Hurts a little
B. Hurts a lot
C. Neither helps nor hurts
D. Refused
E. Helps a lot
F. Helps a little

Answer:assistant

F",meta-llama/Llama-3.1-8B-Instruct,0.7,0.9
144,RACESURV5i_W43,options_345612,6,"['Hurts a little', 'Hurts a lot', 'Neither helps nor hurts', 'Refused', 'Helps a lot', 'Helps a little']",F,Helps a little,"system

Cutting Knowledge Date: December 2023
Today Date: 26 Jul 2024

You are answering a multiple-choice question.

Instructions:
- Choose exactly ONE option.
- Answer using ONLY the letter (A, B, C, D, E, or F).
- Do not explain your reasoning.user

Question:
Overall, how does being a man affect people's ability to get ahead in society these days?

Options:
A. Hurts a little
B. Hurts a lot
C. Neither helps nor hurts
D. Refused
E. Helps a lot
F. Helps a little

Answer:assistant

F",meta-llama/Llama-3.1-8B-Instruct,0.7,0.9
144,RACESURV5i_W43,options_345612,7,"['Hurts a little', 'Hurts a lot', 'Neither helps nor hurts', 'Refused', 'Helps a lot', 'Helps a little']",F,Helps a little,"system

Cutting Knowledge Date: December 2023
Today Date: 26 Jul 2024

You are answering a multiple-choice question.

Instructions:
- Choose exactly ONE option.
- Answer using ONLY the letter (A, B, C, D, E, or F).
- Do not explain your reasoning.user

Question:
Overall, how does being a man affect people's ability to get ahead in society these days?

Options:
A. Hurts a little
B. Hurts a lot
C. Neither helps nor hurts
D. Refused
E. Helps a lot
F. Helps a little

Answer:assistant

F",meta-llama/Llama-3.1-8B-Instruct,0.7,0.9
144,RACESURV5i_W43,options_345612,8,"['Hurts a little', 'Hurts a lot', 'Neither helps nor hurts', 'Refused', 'Helps a lot', 'Helps a little']",F,Helps a little,"system

Cutting Knowledge Date: December 2023
Today Date: 26 Jul 2024

You are answering a multiple-choice question.

Instructions:
- Choose exactly ONE option.
- Answer using ONLY the letter (A, B, C, D, E, or F).
- Do not explain your reasoning.user

Question:
Overall, how does being a man affect people's ability to get ahead in society these days?

Options:
A. Hurts a little
B. Hurts a lot
C. Neither helps nor hurts
D. Refused
E. Helps a lot
F. Helps a little

Answer:assistant

F.",meta-llama/Llama-3.1-8B-Instruct,0.7,0.9
144,RACESURV5i_W43,options_345612,9,"['Hurts a little', 'Hurts a lot', 'Neither helps nor hurts', 'Refused', 'Helps a lot', 'Helps a little']",B,Hurts a lot,"system

Cutting Knowledge Date: December 2023
Today Date: 26 Jul 2024

You are answering a multiple-choice question.

Instructions:
- Choose exactly ONE option.
- Answer using ONLY the letter (A, B, C, D, E, or F).
- Do not explain your reasoning.user

Question:
Overall, how does being a man affect people's ability to get ahead in society these days?

Options:
A. Hurts a little
B. Hurts a lot
C. Neither helps nor hurts
D. Refused
E. Helps a lot
F. Helps a little

Answer:assistant

B.",meta-llama/Llama-3.1-8B-Instruct,0.7,0.9
144,RACESURV5i_W43,options_456123,0,"['Hurts a lot', 'Neither helps nor hurts', 'Refused', 'Helps a lot', 'Helps a little', 'Hurts a little']",F,Hurts a little,"system

Cutting Knowledge Date: December 2023
Today Date: 26 Jul 2024

You are answering a multiple-choice question.

Instructions:
- Choose exactly ONE option.
- Answer using ONLY the letter (A, B, C, D, E, or F).
- Do not explain your reasoning.user

Question:
Overall, how does being a man affect people's ability to get ahead in society these days?

Options:
A. Hurts a lot
B. Neither helps nor hurts
C. Refused
D. Helps a lot
E. Helps a little
F. Hurts a little

Answer:assistant

F",meta-llama/Llama-3.1-8B-Instruct,0.7,0.9
144,RACESURV5i_W43,options_456123,1,"['Hurts a lot', 'Neither helps nor hurts', 'Refused', 'Helps a lot', 'Helps a little', 'Hurts a little']",E,Helps a little,"system

Cutting Knowledge Date: December 2023
Today Date: 26 Jul 2024

You are answering a multiple-choice question.

Instructions:
- Choose exactly ONE option.
- Answer using ONLY the letter (A, B, C, D, E, or F).
- Do not explain your reasoning.user

Question:
Overall, how does being a man affect people's ability to get ahead in society these days?

Options:
A. Hurts a lot
B. Neither helps nor hurts
C. Refused
D. Helps a lot
E. Helps a little
F. Hurts a little

Answer:assistant

E",meta-llama/Llama-3.1-8B-Instruct,0.7,0.9
144,RACESURV5i_W43,options_456123,2,"['Hurts a lot', 'Neither helps nor hurts', 'Refused', 'Helps a lot', 'Helps a little', 'Hurts a little']",F,Hurts a little,"system

Cutting Knowledge Date: December 2023
Today Date: 26 Jul 2024

You are answering a multiple-choice question.

Instructions:
- Choose exactly ONE option.
- Answer using ONLY the letter (A, B, C, D, E, or F).
- Do not explain your reasoning.user

Question:
Overall, how does being a man affect people's ability to get ahead in society these days?

Options:
A. Hurts a lot
B. Neither helps nor hurts
C. Refused
D. Helps a lot
E. Helps a little
F. Hurts a little

Answer:assistant

F.",meta-llama/Llama-3.1-8B-Instruct,0.7,0.9
144,RACESURV5i_W43,options_456123,3,"['Hurts a lot', 'Neither helps nor hurts', 'Refused', 'Helps a lot', 'Helps a little', 'Hurts a little']",F,Hurts a little,"system

Cutting Knowledge Date: December 2023
Today Date: 26 Jul 2024

You are answering a multiple-choice question.

Instructions:
- Choose exactly ONE option.
- Answer using ONLY the letter (A, B, C, D, E, or F).
- Do not explain your reasoning.user

Question:
Overall, how does being a man affect people's ability to get ahead in society these days?

Options:
A. Hurts a lot
B. Neither helps nor hurts
C. Refused
D. Helps a lot
E. Helps a little
F. Hurts a little

Answer:assistant

F",meta-llama/Llama-3.1-8B-Instruct,0.7,0.9
144,RACESURV5i_W43,options_456123,4,"['Hurts a lot', 'Neither helps nor hurts', 'Refused', 'Helps a lot', 'Helps a little', 'Hurts a little']",F,Hurts a little,"system

Cutting Knowledge Date: December 2023
Today Date: 26 Jul 2024

You are answering a multiple-choice question.

Instructions:
- Choose exactly ONE option.
- Answer using ONLY the letter (A, B, C, D, E, or F).
- Do not explain your reasoning.user

Question:
Overall, how does being a man affect people's ability to get ahead in society these days?

Options:
A. Hurts a lot
B. Neither helps nor hurts
C. Refused
D. Helps a lot
E. Helps a little
F. Hurts a little

Answer:assistant

F",meta-llama/Llama-3.1-8B-Instruct,0.7,0.9
144,RACESURV5i_W43,options_456123,5,"['Hurts a lot', 'Neither helps nor hurts', 'Refused', 'Helps a lot', 'Helps a little', 'Hurts a little']",F,Hurts a little,"system

Cutting Knowledge Date: December 2023
Today Date: 26 Jul 2024

You are answering a multiple-choice question.

Instructions:
- Choose exactly ONE option.
- Answer using ONLY the letter (A, B, C, D, E, or F).
- Do not explain your reasoning.user

Question:
Overall, how does being a man affect people's ability to get ahead in society these days?

Options:
A. Hurts a lot
B. Neither helps nor hurts
C. Refused
D. Helps a lot
E. Helps a little
F. Hurts a little

Answer:assistant

F.",meta-llama/Llama-3.1-8B-Instruct,0.7,0.9
144,RACESURV5i_W43,options_456123,6,"['Hurts a lot', 'Neither helps nor hurts', 'Refused', 'Helps a lot', 'Helps a little', 'Hurts a little']",F,Hurts a little,"system

Cutting Knowledge Date: December 2023
Today Date: 26 Jul 2024

You are answering a multiple-choice question.

Instructions:
- Choose exactly ONE option.
- Answer using ONLY the letter (A, B, C, D, E, or F).
- Do not explain your reasoning.user

Question:
Overall, how does being a man affect people's ability to get ahead in society these days?

Options:
A. Hurts a lot
B. Neither helps nor hurts
C. Refused
D. Helps a lot
E. Helps a little
F. Hurts a little

Answer:assistant

F.",meta-llama/Llama-3.1-8B-Instruct,0.7,0.9
144,RACESURV5i_W43,options_456123,7,"['Hurts a lot', 'Neither helps nor hurts', 'Refused', 'Helps a lot', 'Helps a little', 'Hurts a little']",F,Hurts a little,"system

Cutting Knowledge Date: December 2023
Today Date: 26 Jul 2024

You are answering a multiple-choice question.

Instructions:
- Choose exactly ONE option.
- Answer using ONLY the letter (A, B, C, D, E, or F).
- Do not explain your reasoning.user

Question:
Overall, how does being a man affect people's ability to get ahead in society these days?

Options:
A. Hurts a lot
B. Neither helps nor hurts
C. Refused
D. Helps a lot
E. Helps a little
F. Hurts a little

Answer:assistant

F.",meta-llama/Llama-3.1-8B-Instruct,0.7,0.9
144,RACESURV5i_W43,options_456123,8,"['Hurts a lot', 'Neither helps nor hurts', 'Refused', 'Helps a lot', 'Helps a little', 'Hurts a little']",F,Hurts a little,"system

Cutting Knowledge Date: December 2023
Today Date: 26 Jul 2024

You are answering a multiple-choice question.

Instructions:
- Choose exactly ONE option.
- Answer using ONLY the letter (A, B, C, D, E, or F).
- Do not explain your reasoning.user

Question:
Overall, how does being a man affect people's ability to get ahead in society these days?

Options:
A. Hurts a lot
B. Neither helps nor hurts
C. Refused
D. Helps a lot
E. Helps a little
F. Hurts a little

Answer:assistant

F",meta-llama/Llama-3.1-8B-Instruct,0.7,0.9
144,RACESURV5i_W43,options_456123,9,"['Hurts a lot', 'Neither helps nor hurts', 'Refused', 'Helps a lot', 'Helps a little', 'Hurts a little']",F,Hurts a little,"system

Cutting Knowledge Date: December 2023
Today Date: 26 Jul 2024

You are answering a multiple-choice question.

Instructions:
- Choose exactly ONE option.
- Answer using ONLY the letter (A, B, C, D, E, or F).
- Do not explain your reasoning.user

Question:
Overall, how does being a man affect people's ability to get ahead in society these days?

Options:
A. Hurts a lot
B. Neither helps nor hurts
C. Refused
D. Helps a lot
E. Helps a little
F. Hurts a little

Answer:assistant

F.",meta-llama/Llama-3.1-8B-Instruct,0.7,0.9
144,RACESURV5i_W43,options_561234,0,"['Neither helps nor hurts', 'Refused', 'Helps a lot', 'Helps a little', 'Hurts a little', 'Hurts a lot']",E,Hurts a little,"system

Cutting Knowledge Date: December 2023
Today Date: 26 Jul 2024

You are answering a multiple-choice question.

Instructions:
- Choose exactly ONE option.
- Answer using ONLY the letter (A, B, C, D, E, or F).
- Do not explain your reasoning.user

Question:
Overall, how does being a man affect people's ability to get ahead in society these days?

Options:
A. Neither helps nor hurts
B. Refused
C. Helps a lot
D. Helps a little
E. Hurts a little
F. Hurts a lot

Answer:assistant

E.",meta-llama/Llama-3.1-8B-Instruct,0.7,0.9
144,RACESURV5i_W43,options_561234,1,"['Neither helps nor hurts', 'Refused', 'Helps a lot', 'Helps a little', 'Hurts a little', 'Hurts a lot']",E,Hurts a little,"system

Cutting Knowledge Date: December 2023
Today Date: 26 Jul 2024

You are answering a multiple-choice question.

Instructions:
- Choose exactly ONE option.
- Answer using ONLY the letter (A, B, C, D, E, or F).
- Do not explain your reasoning.user

Question:
Overall, how does being a man affect people's ability to get ahead in society these days?

Options:
A. Neither helps nor hurts
B. Refused
C. Helps a lot
D. Helps a little
E. Hurts a little
F. Hurts a lot

Answer:assistant

E.",meta-llama/Llama-3.1-8B-Instruct,0.7,0.9
144,RACESURV5i_W43,options_561234,2,"['Neither helps nor hurts', 'Refused', 'Helps a lot', 'Helps a little', 'Hurts a little', 'Hurts a lot']",E,Hurts a little,"system

Cutting Knowledge Date: December 2023
Today Date: 26 Jul 2024

You are answering a multiple-choice question.

Instructions:
- Choose exactly ONE option.
- Answer using ONLY the letter (A, B, C, D, E, or F).
- Do not explain your reasoning.user

Question:
Overall, how does being a man affect people's ability to get ahead in society these days?

Options:
A. Neither helps nor hurts
B. Refused
C. Helps a lot
D. Helps a little
E. Hurts a little
F. Hurts a lot

Answer:assistant

E",meta-llama/Llama-3.1-8B-Instruct,0.7,0.9
144,RACESURV5i_W43,options_561234,3,"['Neither helps nor hurts', 'Refused', 'Helps a lot', 'Helps a little', 'Hurts a little', 'Hurts a lot']",F,Hurts a lot,"system

Cutting Knowledge Date: December 2023
Today Date: 26 Jul 2024

You are answering a multiple-choice question.

Instructions:
- Choose exactly ONE option.
- Answer using ONLY the letter (A, B, C, D, E, or F).
- Do not explain your reasoning.user

Question:
Overall, how does being a man affect people's ability to get ahead in society these days?

Options:
A. Neither helps nor hurts
B. Refused
C. Helps a lot
D. Helps a little
E. Hurts a little
F. Hurts a lot

Answer:assistant

F.",meta-llama/Llama-3.1-8B-Instruct,0.7,0.9
144,RACESURV5i_W43,options_561234,4,"['Neither helps nor hurts', 'Refused', 'Helps a lot', 'Helps a little', 'Hurts a little', 'Hurts a lot']",F,Hurts a lot,"system

Cutting Knowledge Date: December 2023
Today Date: 26 Jul 2024

You are answering a multiple-choice question.

Instructions:
- Choose exactly ONE option.
- Answer using ONLY the letter (A, B, C, D, E, or F).
- Do not explain your reasoning.user

Question:
Overall, how does being a man affect people's ability to get ahead in society these days?

Options:
A. Neither helps nor hurts
B. Refused
C. Helps a lot
D. Helps a little
E. Hurts a little
F. Hurts a lot

Answer:assistant

F.",meta-llama/Llama-3.1-8B-Instruct,0.7,0.9
144,RACESURV5i_W43,options_561234,5,"['Neither helps nor hurts', 'Refused', 'Helps a lot', 'Helps a little', 'Hurts a little', 'Hurts a lot']",E,Hurts a little,"system

Cutting Knowledge Date: December 2023
Today Date: 26 Jul 2024

You are answering a multiple-choice question.

Instructions:
- Choose exactly ONE option.
- Answer using ONLY the letter (A, B, C, D, E, or F).
- Do not explain your reasoning.user

Question:
Overall, how does being a man affect people's ability to get ahead in society these days?

Options:
A. Neither helps nor hurts
B. Refused
C. Helps a lot
D. Helps a little
E. Hurts a little
F. Hurts a lot

Answer:assistant

E",meta-llama/Llama-3.1-8B-Instruct,0.7,0.9
144,RACESURV5i_W43,options_561234,6,"['Neither helps nor hurts', 'Refused', 'Helps a lot', 'Helps a little', 'Hurts a little', 'Hurts a lot']",F,Hurts a lot,"system

Cutting Knowledge Date: December 2023
Today Date: 26 Jul 2024

You are answering a multiple-choice question.

Instructions:
- Choose exactly ONE option.
- Answer using ONLY the letter (A, B, C, D, E, or F).
- Do not explain your reasoning.user

Question:
Overall, how does being a man affect people's ability to get ahead in society these days?

Options:
A. Neither helps nor hurts
B. Refused
C. Helps a lot
D. Helps a little
E. Hurts a little
F. Hurts a lot

Answer:assistant

F",meta-llama/Llama-3.1-8B-Instruct,0.7,0.9
144,RACESURV5i_W43,options_561234,7,"['Neither helps nor hurts', 'Refused', 'Helps a lot', 'Helps a little', 'Hurts a little', 'Hurts a lot']",F,Hurts a lot,"system

Cutting Knowledge Date: December 2023
Today Date: 26 Jul 2024

You are answering a multiple-choice question.

Instructions:
- Choose exactly ONE option.
- Answer using ONLY the letter (A, B, C, D, E, or F).
- Do not explain your reasoning.user

Question:
Overall, how does being a man affect people's ability to get ahead in society these days?

Options:
A. Neither helps nor hurts
B. Refused
C. Helps a lot
D. Helps a little
E. Hurts a little
F. Hurts a lot

Answer:assistant

F.",meta-llama/Llama-3.1-8B-Instruct,0.7,0.9
144,RACESURV5i_W43,options_561234,8,"['Neither helps nor hurts', 'Refused', 'Helps a lot', 'Helps a little', 'Hurts a little', 'Hurts a lot']",F,Hurts a lot,"system

Cutting Knowledge Date: December 2023
Today Date: 26 Jul 2024

You are answering a multiple-choice question.

Instructions:
- Choose exactly ONE option.
- Answer using ONLY the letter (A, B, C, D, E, or F).
- Do not explain your reasoning.user

Question:
Overall, how does being a man affect people's ability to get ahead in society these days?

Options:
A. Neither helps nor hurts
B. Refused
C. Helps a lot
D. Helps a little
E. Hurts a little
F. Hurts a lot

Answer:assistant

F.",meta-llama/Llama-3.1-8B-Instruct,0.7,0.9
144,RACESURV5i_W43,options_561234,9,"['Neither helps nor hurts', 'Refused', 'Helps a lot', 'Helps a little', 'Hurts a little', 'Hurts a lot']",F,Hurts a lot,"system

Cutting Knowledge Date: December 2023
Today Date: 26 Jul 2024

You are answering a multiple-choice question.

Instructions:
- Choose exactly ONE option.
- Answer using ONLY the letter (A, B, C, D, E, or F).
- Do not explain your reasoning.user

Question:
Overall, how does being a man affect people's ability to get ahead in society these days?

Options:
A. Neither helps nor hurts
B. Refused
C. Helps a lot
D. Helps a little
E. Hurts a little
F. Hurts a lot

Answer:assistant

F",meta-llama/Llama-3.1-8B-Instruct,0.7,0.9
144,RACESURV5i_W43,options_612345,0,"['Refused', 'Helps a lot', 'Helps a little', 'Hurts a little', 'Hurts a lot', 'Neither helps nor hurts']",E,Hurts a lot,"system

Cutting Knowledge Date: December 2023
Today Date: 26 Jul 2024

You are answering a multiple-choice question.

Instructions:
- Choose exactly ONE option.
- Answer using ONLY the letter (A, B, C, D, E, or F).
- Do not explain your reasoning.user

Question:
Overall, how does being a man affect people's ability to get ahead in society these days?

Options:
A. Refused
B. Helps a lot
C. Helps a little
D. Hurts a little
E. Hurts a lot
F. Neither helps nor hurts

Answer:assistant

E.",meta-llama/Llama-3.1-8B-Instruct,0.7,0.9
144,RACESURV5i_W43,options_612345,1,"['Refused', 'Helps a lot', 'Helps a little', 'Hurts a little', 'Hurts a lot', 'Neither helps nor hurts']",E,Hurts a lot,"system

Cutting Knowledge Date: December 2023
Today Date: 26 Jul 2024

You are answering a multiple-choice question.

Instructions:
- Choose exactly ONE option.
- Answer using ONLY the letter (A, B, C, D, E, or F).
- Do not explain your reasoning.user

Question:
Overall, how does being a man affect people's ability to get ahead in society these days?

Options:
A. Refused
B. Helps a lot
C. Helps a little
D. Hurts a little
E. Hurts a lot
F. Neither helps nor hurts

Answer:assistant

E",meta-llama/Llama-3.1-8B-Instruct,0.7,0.9
144,RACESURV5i_W43,options_612345,2,"['Refused', 'Helps a lot', 'Helps a little', 'Hurts a little', 'Hurts a lot', 'Neither helps nor hurts']",F,Neither helps nor hurts,"system

Cutting Knowledge Date: December 2023
Today Date: 26 Jul 2024

You are answering a multiple-choice question.

Instructions:
- Choose exactly ONE option.
- Answer using ONLY the letter (A, B, C, D, E, or F).
- Do not explain your reasoning.user

Question:
Overall, how does being a man affect people's ability to get ahead in society these days?

Options:
A. Refused
B. Helps a lot
C. Helps a little
D. Hurts a little
E. Hurts a lot
F. Neither helps nor hurts

Answer:assistant

F",meta-llama/Llama-3.1-8B-Instruct,0.7,0.9
144,RACESURV5i_W43,options_612345,3,"['Refused', 'Helps a lot', 'Helps a little', 'Hurts a little', 'Hurts a lot', 'Neither helps nor hurts']",F,Neither helps nor hurts,"system

Cutting Knowledge Date: December 2023
Today Date: 26 Jul 2024

You are answering a multiple-choice question.

Instructions:
- Choose exactly ONE option.
- Answer using ONLY the letter (A, B, C, D, E, or F).
- Do not explain your reasoning.user

Question:
Overall, how does being a man affect people's ability to get ahead in society these days?

Options:
A. Refused
B. Helps a lot
C. Helps a little
D. Hurts a little
E. Hurts a lot
F. Neither helps nor hurts

Answer:assistant

F",meta-llama/Llama-3.1-8B-Instruct,0.7,0.9
144,RACESURV5i_W43,options_612345,4,"['Refused', 'Helps a lot', 'Helps a little', 'Hurts a little', 'Hurts a lot', 'Neither helps nor hurts']",F,Neither helps nor hurts,"system

Cutting Knowledge Date: December 2023
Today Date: 26 Jul 2024

You are answering a multiple-choice question.

Instructions:
- Choose exactly ONE option.
- Answer using ONLY the letter (A, B, C, D, E, or F).
- Do not explain your reasoning.user

Question:
Overall, how does being a man affect people's ability to get ahead in society these days?

Options:
A. Refused
B. Helps a lot
C. Helps a little
D. Hurts a little
E. Hurts a lot
F. Neither helps nor hurts

Answer:assistant

F",meta-llama/Llama-3.1-8B-Instruct,0.7,0.9
144,RACESURV5i_W43,options_612345,5,"['Refused', 'Helps a lot', 'Helps a little', 'Hurts a little', 'Hurts a lot', 'Neither helps nor hurts']",F,Neither helps nor hurts,"system

Cutting Knowledge Date: December 2023
Today Date: 26 Jul 2024

You are answering a multiple-choice question.

Instructions:
- Choose exactly ONE option.
- Answer using ONLY the letter (A, B, C, D, E, or F).
- Do not explain your reasoning.user

Question:
Overall, how does being a man affect people's ability to get ahead in society these days?

Options:
A. Refused
B. Helps a lot
C. Helps a little
D. Hurts a little
E. Hurts a lot
F. Neither helps nor hurts

Answer:assistant

F",meta-llama/Llama-3.1-8B-Instruct,0.7,0.9
144,RACESURV5i_W43,options_612345,6,"['Refused', 'Helps a lot', 'Helps a little', 'Hurts a little', 'Hurts a lot', 'Neither helps nor hurts']",E,Hurts a lot,"system

Cutting Knowledge Date: December 2023
Today Date: 26 Jul 2024

You are answering a multiple-choice question.

Instructions:
- Choose exactly ONE option.
- Answer using ONLY the letter (A, B, C, D, E, or F).
- Do not explain your reasoning.user

Question:
Overall, how does being a man affect people's ability to get ahead in society these days?

Options:
A. Refused
B. Helps a lot
C. Helps a little
D. Hurts a little
E. Hurts a lot
F. Neither helps nor hurts

Answer:assistant

E",meta-llama/Llama-3.1-8B-Instruct,0.7,0.9
144,RACESURV5i_W43,options_612345,7,"['Refused', 'Helps a lot', 'Helps a little', 'Hurts a little', 'Hurts a lot', 'Neither helps nor hurts']",F,Neither helps nor hurts,"system

Cutting Knowledge Date: December 2023
Today Date: 26 Jul 2024

You are answering a multiple-choice question.

Instructions:
- Choose exactly ONE option.
- Answer using ONLY the letter (A, B, C, D, E, or F).
- Do not explain your reasoning.user

Question:
Overall, how does being a man affect people's ability to get ahead in society these days?

Options:
A. Refused
B. Helps a lot
C. Helps a little
D. Hurts a little
E. Hurts a lot
F. Neither helps nor hurts

Answer:assistant

F.",meta-llama/Llama-3.1-8B-Instruct,0.7,0.9
144,RACESURV5i_W43,options_612345,8,"['Refused', 'Helps a lot', 'Helps a little', 'Hurts a little', 'Hurts a lot', 'Neither helps nor hurts']",F,Neither helps nor hurts,"system

Cutting Knowledge Date: December 2023
Today Date: 26 Jul 2024

You are answering a multiple-choice question.

Instructions:
- Choose exactly ONE option.
- Answer using ONLY the letter (A, B, C, D, E, or F).
- Do not explain your reasoning.user

Question:
Overall, how does being a man affect people's ability to get ahead in society these days?

Options:
A. Refused
B. Helps a lot
C. Helps a little
D. Hurts a little
E. Hurts a lot
F. Neither helps nor hurts

Answer:assistant

F",meta-llama/Llama-3.1-8B-Instruct,0.7,0.9
144,RACESURV5i_W43,options_612345,9,"['Refused', 'Helps a lot', 'Helps a little', 'Hurts a little', 'Hurts a lot', 'Neither helps nor hurts']",F,Neither helps nor hurts,"system

Cutting Knowledge Date: December 2023
Today Date: 26 Jul 2024

You are answering a multiple-choice question.

Instructions:
- Choose exactly ONE option.
- Answer using ONLY the letter (A, B, C, D, E, or F).
- Do not explain your reasoning.user

Question:
Overall, how does being a man affect people's ability to get ahead in society these days?

Options:
A. Refused
B. Helps a lot
C. Helps a little
D. Hurts a little
E. Hurts a lot
F. Neither helps nor hurts

Answer:assistant

F",meta-llama/Llama-3.1-8B-Instruct,0.7,0.9
145,RACESURV5j_W43,options_123456,0,"['Helps a lot', 'Helps a little', 'Hurts a little', 'Hurts a lot', 'Neither helps nor hurts', 'Refused']",E,Neither helps nor hurts,"system

Cutting Knowledge Date: December 2023
Today Date: 26 Jul 2024

You are answering a multiple-choice question.

Instructions:
- Choose exactly ONE option.
- Answer using ONLY the letter (A, B, C, D, E, or F).
- Do not explain your reasoning.user

Question:
Overall, how does being a woman affect people's ability to get ahead in society these days?

Options:
A. Helps a lot
B. Helps a little
C. Hurts a little
D. Hurts a lot
E. Neither helps nor hurts
F. Refused

Answer:assistant

E",meta-llama/Llama-3.1-8B-Instruct,0.7,0.9
145,RACESURV5j_W43,options_123456,1,"['Helps a lot', 'Helps a little', 'Hurts a little', 'Hurts a lot', 'Neither helps nor hurts', 'Refused']",E,Neither helps nor hurts,"system

Cutting Knowledge Date: December 2023
Today Date: 26 Jul 2024

You are answering a multiple-choice question.

Instructions:
- Choose exactly ONE option.
- Answer using ONLY the letter (A, B, C, D, E, or F).
- Do not explain your reasoning.user

Question:
Overall, how does being a woman affect people's ability to get ahead in society these days?

Options:
A. Helps a lot
B. Helps a little
C. Hurts a little
D. Hurts a lot
E. Neither helps nor hurts
F. Refused

Answer:assistant

E",meta-llama/Llama-3.1-8B-Instruct,0.7,0.9
145,RACESURV5j_W43,options_123456,2,"['Helps a lot', 'Helps a little', 'Hurts a little', 'Hurts a lot', 'Neither helps nor hurts', 'Refused']",E,Neither helps nor hurts,"system

Cutting Knowledge Date: December 2023
Today Date: 26 Jul 2024

You are answering a multiple-choice question.

Instructions:
- Choose exactly ONE option.
- Answer using ONLY the letter (A, B, C, D, E, or F).
- Do not explain your reasoning.user

Question:
Overall, how does being a woman affect people's ability to get ahead in society these days?

Options:
A. Helps a lot
B. Helps a little
C. Hurts a little
D. Hurts a lot
E. Neither helps nor hurts
F. Refused

Answer:assistant

E",meta-llama/Llama-3.1-8B-Instruct,0.7,0.9
145,RACESURV5j_W43,options_123456,3,"['Helps a lot', 'Helps a little', 'Hurts a little', 'Hurts a lot', 'Neither helps nor hurts', 'Refused']",E,Neither helps nor hurts,"system

Cutting Knowledge Date: December 2023
Today Date: 26 Jul 2024

You are answering a multiple-choice question.

Instructions:
- Choose exactly ONE option.
- Answer using ONLY the letter (A, B, C, D, E, or F).
- Do not explain your reasoning.user

Question:
Overall, how does being a woman affect people's ability to get ahead in society these days?

Options:
A. Helps a lot
B. Helps a little
C. Hurts a little
D. Hurts a lot
E. Neither helps nor hurts
F. Refused

Answer:assistant

E",meta-llama/Llama-3.1-8B-Instruct,0.7,0.9
145,RACESURV5j_W43,options_123456,4,"['Helps a lot', 'Helps a little', 'Hurts a little', 'Hurts a lot', 'Neither helps nor hurts', 'Refused']",C,Hurts a little,"system

Cutting Knowledge Date: December 2023
Today Date: 26 Jul 2024

You are answering a multiple-choice question.

Instructions:
- Choose exactly ONE option.
- Answer using ONLY the letter (A, B, C, D, E, or F).
- Do not explain your reasoning.user

Question:
Overall, how does being a woman affect people's ability to get ahead in society these days?

Options:
A. Helps a lot
B. Helps a little
C. Hurts a little
D. Hurts a lot
E. Neither helps nor hurts
F. Refused

Answer:assistant

C",meta-llama/Llama-3.1-8B-Instruct,0.7,0.9
145,RACESURV5j_W43,options_123456,5,"['Helps a lot', 'Helps a little', 'Hurts a little', 'Hurts a lot', 'Neither helps nor hurts', 'Refused']",E,Neither helps nor hurts,"system

Cutting Knowledge Date: December 2023
Today Date: 26 Jul 2024

You are answering a multiple-choice question.

Instructions:
- Choose exactly ONE option.
- Answer using ONLY the letter (A, B, C, D, E, or F).
- Do not explain your reasoning.user

Question:
Overall, how does being a woman affect people's ability to get ahead in society these days?

Options:
A. Helps a lot
B. Helps a little
C. Hurts a little
D. Hurts a lot
E. Neither helps nor hurts
F. Refused

Answer:assistant

E",meta-llama/Llama-3.1-8B-Instruct,0.7,0.9
145,RACESURV5j_W43,options_123456,6,"['Helps a lot', 'Helps a little', 'Hurts a little', 'Hurts a lot', 'Neither helps nor hurts', 'Refused']",D,Hurts a lot,"system

Cutting Knowledge Date: December 2023
Today Date: 26 Jul 2024

You are answering a multiple-choice question.

Instructions:
- Choose exactly ONE option.
- Answer using ONLY the letter (A, B, C, D, E, or F).
- Do not explain your reasoning.user

Question:
Overall, how does being a woman affect people's ability to get ahead in society these days?

Options:
A. Helps a lot
B. Helps a little
C. Hurts a little
D. Hurts a lot
E. Neither helps nor hurts
F. Refused

Answer:assistant

D",meta-llama/Llama-3.1-8B-Instruct,0.7,0.9
145,RACESURV5j_W43,options_123456,7,"['Helps a lot', 'Helps a little', 'Hurts a little', 'Hurts a lot', 'Neither helps nor hurts', 'Refused']",C,Hurts a little,"system

Cutting Knowledge Date: December 2023
Today Date: 26 Jul 2024

You are answering a multiple-choice question.

Instructions:
- Choose exactly ONE option.
- Answer using ONLY the letter (A, B, C, D, E, or F).
- Do not explain your reasoning.user

Question:
Overall, how does being a woman affect people's ability to get ahead in society these days?

Options:
A. Helps a lot
B. Helps a little
C. Hurts a little
D. Hurts a lot
E. Neither helps nor hurts
F. Refused

Answer:assistant

C",meta-llama/Llama-3.1-8B-Instruct,0.7,0.9
145,RACESURV5j_W43,options_123456,8,"['Helps a lot', 'Helps a little', 'Hurts a little', 'Hurts a lot', 'Neither helps nor hurts', 'Refused']",E,Neither helps nor hurts,"system

Cutting Knowledge Date: December 2023
Today Date: 26 Jul 2024

You are answering a multiple-choice question.

Instructions:
- Choose exactly ONE option.
- Answer using ONLY the letter (A, B, C, D, E, or F).
- Do not explain your reasoning.user

Question:
Overall, how does being a woman affect people's ability to get ahead in society these days?

Options:
A. Helps a lot
B. Helps a little
C. Hurts a little
D. Hurts a lot
E. Neither helps nor hurts
F. Refused

Answer:assistant

E",meta-llama/Llama-3.1-8B-Instruct,0.7,0.9
145,RACESURV5j_W43,options_123456,9,"['Helps a lot', 'Helps a little', 'Hurts a little', 'Hurts a lot', 'Neither helps nor hurts', 'Refused']",E,Neither helps nor hurts,"system

Cutting Knowledge Date: December 2023
Today Date: 26 Jul 2024

You are answering a multiple-choice question.

Instructions:
- Choose exactly ONE option.
- Answer using ONLY the letter (A, B, C, D, E, or F).
- Do not explain your reasoning.user

Question:
Overall, how does being a woman affect people's ability to get ahead in society these days?

Options:
A. Helps a lot
B. Helps a little
C. Hurts a little
D. Hurts a lot
E. Neither helps nor hurts
F. Refused

Answer:assistant

E",meta-llama/Llama-3.1-8B-Instruct,0.7,0.9
145,RACESURV5j_W43,options_234561,0,"['Helps a little', 'Hurts a little', 'Hurts a lot', 'Neither helps nor hurts', 'Refused', 'Helps a lot']",F,Helps a lot,"system

Cutting Knowledge Date: December 2023
Today Date: 26 Jul 2024

You are answering a multiple-choice question.

Instructions:
- Choose exactly ONE option.
- Answer using ONLY the letter (A, B, C, D, E, or F).
- Do not explain your reasoning.user

Question:
Overall, how does being a woman affect people's ability to get ahead in society these days?

Options:
A. Helps a little
B. Hurts a little
C. Hurts a lot
D. Neither helps nor hurts
E. Refused
F. Helps a lot

Answer:assistant

F",meta-llama/Llama-3.1-8B-Instruct,0.7,0.9
145,RACESURV5j_W43,options_234561,1,"['Helps a little', 'Hurts a little', 'Hurts a lot', 'Neither helps nor hurts', 'Refused', 'Helps a lot']",D,Neither helps nor hurts,"system

Cutting Knowledge Date: December 2023
Today Date: 26 Jul 2024

You are answering a multiple-choice question.

Instructions:
- Choose exactly ONE option.
- Answer using ONLY the letter (A, B, C, D, E, or F).
- Do not explain your reasoning.user

Question:
Overall, how does being a woman affect people's ability to get ahead in society these days?

Options:
A. Helps a little
B. Hurts a little
C. Hurts a lot
D. Neither helps nor hurts
E. Refused
F. Helps a lot

Answer:assistant

D",meta-llama/Llama-3.1-8B-Instruct,0.7,0.9
145,RACESURV5j_W43,options_234561,2,"['Helps a little', 'Hurts a little', 'Hurts a lot', 'Neither helps nor hurts', 'Refused', 'Helps a lot']",D,Neither helps nor hurts,"system

Cutting Knowledge Date: December 2023
Today Date: 26 Jul 2024

You are answering a multiple-choice question.

Instructions:
- Choose exactly ONE option.
- Answer using ONLY the letter (A, B, C, D, E, or F).
- Do not explain your reasoning.user

Question:
Overall, how does being a woman affect people's ability to get ahead in society these days?

Options:
A. Helps a little
B. Hurts a little
C. Hurts a lot
D. Neither helps nor hurts
E. Refused
F. Helps a lot

Answer:assistant

D",meta-llama/Llama-3.1-8B-Instruct,0.7,0.9
145,RACESURV5j_W43,options_234561,3,"['Helps a little', 'Hurts a little', 'Hurts a lot', 'Neither helps nor hurts', 'Refused', 'Helps a lot']",D,Neither helps nor hurts,"system

Cutting Knowledge Date: December 2023
Today Date: 26 Jul 2024

You are answering a multiple-choice question.

Instructions:
- Choose exactly ONE option.
- Answer using ONLY the letter (A, B, C, D, E, or F).
- Do not explain your reasoning.user

Question:
Overall, how does being a woman affect people's ability to get ahead in society these days?

Options:
A. Helps a little
B. Hurts a little
C. Hurts a lot
D. Neither helps nor hurts
E. Refused
F. Helps a lot

Answer:assistant

D",meta-llama/Llama-3.1-8B-Instruct,0.7,0.9
145,RACESURV5j_W43,options_234561,4,"['Helps a little', 'Hurts a little', 'Hurts a lot', 'Neither helps nor hurts', 'Refused', 'Helps a lot']",F,Helps a lot,"system

Cutting Knowledge Date: December 2023
Today Date: 26 Jul 2024

You are answering a multiple-choice question.

Instructions:
- Choose exactly ONE option.
- Answer using ONLY the letter (A, B, C, D, E, or F).
- Do not explain your reasoning.user

Question:
Overall, how does being a woman affect people's ability to get ahead in society these days?

Options:
A. Helps a little
B. Hurts a little
C. Hurts a lot
D. Neither helps nor hurts
E. Refused
F. Helps a lot

Answer:assistant

F",meta-llama/Llama-3.1-8B-Instruct,0.7,0.9
145,RACESURV5j_W43,options_234561,5,"['Helps a little', 'Hurts a little', 'Hurts a lot', 'Neither helps nor hurts', 'Refused', 'Helps a lot']",F,Helps a lot,"system

Cutting Knowledge Date: December 2023
Today Date: 26 Jul 2024

You are answering a multiple-choice question.

Instructions:
- Choose exactly ONE option.
- Answer using ONLY the letter (A, B, C, D, E, or F).
- Do not explain your reasoning.user

Question:
Overall, how does being a woman affect people's ability to get ahead in society these days?

Options:
A. Helps a little
B. Hurts a little
C. Hurts a lot
D. Neither helps nor hurts
E. Refused
F. Helps a lot

Answer:assistant

F",meta-llama/Llama-3.1-8B-Instruct,0.7,0.9
145,RACESURV5j_W43,options_234561,6,"['Helps a little', 'Hurts a little', 'Hurts a lot', 'Neither helps nor hurts', 'Refused', 'Helps a lot']",F,Helps a lot,"system

Cutting Knowledge Date: December 2023
Today Date: 26 Jul 2024

You are answering a multiple-choice question.

Instructions:
- Choose exactly ONE option.
- Answer using ONLY the letter (A, B, C, D, E, or F).
- Do not explain your reasoning.user

Question:
Overall, how does being a woman affect people's ability to get ahead in society these days?

Options:
A. Helps a little
B. Hurts a little
C. Hurts a lot
D. Neither helps nor hurts
E. Refused
F. Helps a lot

Answer:assistant

F",meta-llama/Llama-3.1-8B-Instruct,0.7,0.9
145,RACESURV5j_W43,options_234561,7,"['Helps a little', 'Hurts a little', 'Hurts a lot', 'Neither helps nor hurts', 'Refused', 'Helps a lot']",F,Helps a lot,"system

Cutting Knowledge Date: December 2023
Today Date: 26 Jul 2024

You are answering a multiple-choice question.

Instructions:
- Choose exactly ONE option.
- Answer using ONLY the letter (A, B, C, D, E, or F).
- Do not explain your reasoning.user

Question:
Overall, how does being a woman affect people's ability to get ahead in society these days?

Options:
A. Helps a little
B. Hurts a little
C. Hurts a lot
D. Neither helps nor hurts
E. Refused
F. Helps a lot

Answer:assistant

F",meta-llama/Llama-3.1-8B-Instruct,0.7,0.9
145,RACESURV5j_W43,options_234561,8,"['Helps a little', 'Hurts a little', 'Hurts a lot', 'Neither helps nor hurts', 'Refused', 'Helps a lot']",F,Helps a lot,"system

Cutting Knowledge Date: December 2023
Today Date: 26 Jul 2024

You are answering a multiple-choice question.

Instructions:
- Choose exactly ONE option.
- Answer using ONLY the letter (A, B, C, D, E, or F).
- Do not explain your reasoning.user

Question:
Overall, how does being a woman affect people's ability to get ahead in society these days?

Options:
A. Helps a little
B. Hurts a little
C. Hurts a lot
D. Neither helps nor hurts
E. Refused
F. Helps a lot

Answer:assistant

F",meta-llama/Llama-3.1-8B-Instruct,0.7,0.9
145,RACESURV5j_W43,options_234561,9,"['Helps a little', 'Hurts a little', 'Hurts a lot', 'Neither helps nor hurts', 'Refused', 'Helps a lot']",D,Neither helps nor hurts,"system

Cutting Knowledge Date: December 2023
Today Date: 26 Jul 2024

You are answering a multiple-choice question.

Instructions:
- Choose exactly ONE option.
- Answer using ONLY the letter (A, B, C, D, E, or F).
- Do not explain your reasoning.user

Question:
Overall, how does being a woman affect people's ability to get ahead in society these days?

Options:
A. Helps a little
B. Hurts a little
C. Hurts a lot
D. Neither helps nor hurts
E. Refused
F. Helps a lot

Answer:assistant

D",meta-llama/Llama-3.1-8B-Instruct,0.7,0.9
145,RACESURV5j_W43,options_345612,0,"['Hurts a little', 'Hurts a lot', 'Neither helps nor hurts', 'Refused', 'Helps a lot', 'Helps a little']",F,Helps a little,"system

Cutting Knowledge Date: December 2023
Today Date: 26 Jul 2024

You are answering a multiple-choice question.

Instructions:
- Choose exactly ONE option.
- Answer using ONLY the letter (A, B, C, D, E, or F).
- Do not explain your reasoning.user

Question:
Overall, how does being a woman affect people's ability to get ahead in society these days?

Options:
A. Hurts a little
B. Hurts a lot
C. Neither helps nor hurts
D. Refused
E. Helps a lot
F. Helps a little

Answer:assistant

F",meta-llama/Llama-3.1-8B-Instruct,0.7,0.9
145,RACESURV5j_W43,options_345612,1,"['Hurts a little', 'Hurts a lot', 'Neither helps nor hurts', 'Refused', 'Helps a lot', 'Helps a little']",F,Helps a little,"system

Cutting Knowledge Date: December 2023
Today Date: 26 Jul 2024

You are answering a multiple-choice question.

Instructions:
- Choose exactly ONE option.
- Answer using ONLY the letter (A, B, C, D, E, or F).
- Do not explain your reasoning.user

Question:
Overall, how does being a woman affect people's ability to get ahead in society these days?

Options:
A. Hurts a little
B. Hurts a lot
C. Neither helps nor hurts
D. Refused
E. Helps a lot
F. Helps a little

Answer:assistant

F",meta-llama/Llama-3.1-8B-Instruct,0.7,0.9
145,RACESURV5j_W43,options_345612,2,"['Hurts a little', 'Hurts a lot', 'Neither helps nor hurts', 'Refused', 'Helps a lot', 'Helps a little']",F,Helps a little,"system

Cutting Knowledge Date: December 2023
Today Date: 26 Jul 2024

You are answering a multiple-choice question.

Instructions:
- Choose exactly ONE option.
- Answer using ONLY the letter (A, B, C, D, E, or F).
- Do not explain your reasoning.user

Question:
Overall, how does being a woman affect people's ability to get ahead in society these days?

Options:
A. Hurts a little
B. Hurts a lot
C. Neither helps nor hurts
D. Refused
E. Helps a lot
F. Helps a little

Answer:assistant

F",meta-llama/Llama-3.1-8B-Instruct,0.7,0.9
145,RACESURV5j_W43,options_345612,3,"['Hurts a little', 'Hurts a lot', 'Neither helps nor hurts', 'Refused', 'Helps a lot', 'Helps a little']",F,Helps a little,"system

Cutting Knowledge Date: December 2023
Today Date: 26 Jul 2024

You are answering a multiple-choice question.

Instructions:
- Choose exactly ONE option.
- Answer using ONLY the letter (A, B, C, D, E, or F).
- Do not explain your reasoning.user

Question:
Overall, how does being a woman affect people's ability to get ahead in society these days?

Options:
A. Hurts a little
B. Hurts a lot
C. Neither helps nor hurts
D. Refused
E. Helps a lot
F. Helps a little

Answer:assistant

F",meta-llama/Llama-3.1-8B-Instruct,0.7,0.9
145,RACESURV5j_W43,options_345612,4,"['Hurts a little', 'Hurts a lot', 'Neither helps nor hurts', 'Refused', 'Helps a lot', 'Helps a little']",F,Helps a little,"system

Cutting Knowledge Date: December 2023
Today Date: 26 Jul 2024

You are answering a multiple-choice question.

Instructions:
- Choose exactly ONE option.
- Answer using ONLY the letter (A, B, C, D, E, or F).
- Do not explain your reasoning.user

Question:
Overall, how does being a woman affect people's ability to get ahead in society these days?

Options:
A. Hurts a little
B. Hurts a lot
C. Neither helps nor hurts
D. Refused
E. Helps a lot
F. Helps a little

Answer:assistant

F",meta-llama/Llama-3.1-8B-Instruct,0.7,0.9
145,RACESURV5j_W43,options_345612,5,"['Hurts a little', 'Hurts a lot', 'Neither helps nor hurts', 'Refused', 'Helps a lot', 'Helps a little']",F,Helps a little,"system

Cutting Knowledge Date: December 2023
Today Date: 26 Jul 2024

You are answering a multiple-choice question.

Instructions:
- Choose exactly ONE option.
- Answer using ONLY the letter (A, B, C, D, E, or F).
- Do not explain your reasoning.user

Question:
Overall, how does being a woman affect people's ability to get ahead in society these days?

Options:
A. Hurts a little
B. Hurts a lot
C. Neither helps nor hurts
D. Refused
E. Helps a lot
F. Helps a little

Answer:assistant

F",meta-llama/Llama-3.1-8B-Instruct,0.7,0.9
145,RACESURV5j_W43,options_345612,6,"['Hurts a little', 'Hurts a lot', 'Neither helps nor hurts', 'Refused', 'Helps a lot', 'Helps a little']",B,Hurts a lot,"system

Cutting Knowledge Date: December 2023
Today Date: 26 Jul 2024

You are answering a multiple-choice question.

Instructions:
- Choose exactly ONE option.
- Answer using ONLY the letter (A, B, C, D, E, or F).
- Do not explain your reasoning.user

Question:
Overall, how does being a woman affect people's ability to get ahead in society these days?

Options:
A. Hurts a little
B. Hurts a lot
C. Neither helps nor hurts
D. Refused
E. Helps a lot
F. Helps a little

Answer:assistant

B.",meta-llama/Llama-3.1-8B-Instruct,0.7,0.9
145,RACESURV5j_W43,options_345612,7,"['Hurts a little', 'Hurts a lot', 'Neither helps nor hurts', 'Refused', 'Helps a lot', 'Helps a little']",F,Helps a little,"system

Cutting Knowledge Date: December 2023
Today Date: 26 Jul 2024

You are answering a multiple-choice question.

Instructions:
- Choose exactly ONE option.
- Answer using ONLY the letter (A, B, C, D, E, or F).
- Do not explain your reasoning.user

Question:
Overall, how does being a woman affect people's ability to get ahead in society these days?

Options:
A. Hurts a little
B. Hurts a lot
C. Neither helps nor hurts
D. Refused
E. Helps a lot
F. Helps a little

Answer:assistant

F",meta-llama/Llama-3.1-8B-Instruct,0.7,0.9
145,RACESURV5j_W43,options_345612,8,"['Hurts a little', 'Hurts a lot', 'Neither helps nor hurts', 'Refused', 'Helps a lot', 'Helps a little']",F,Helps a little,"system

Cutting Knowledge Date: December 2023
Today Date: 26 Jul 2024

You are answering a multiple-choice question.

Instructions:
- Choose exactly ONE option.
- Answer using ONLY the letter (A, B, C, D, E, or F).
- Do not explain your reasoning.user

Question:
Overall, how does being a woman affect people's ability to get ahead in society these days?

Options:
A. Hurts a little
B. Hurts a lot
C. Neither helps nor hurts
D. Refused
E. Helps a lot
F. Helps a little

Answer:assistant

F",meta-llama/Llama-3.1-8B-Instruct,0.7,0.9
145,RACESURV5j_W43,options_345612,9,"['Hurts a little', 'Hurts a lot', 'Neither helps nor hurts', 'Refused', 'Helps a lot', 'Helps a little']",F,Helps a little,"system

Cutting Knowledge Date: December 2023
Today Date: 26 Jul 2024

You are answering a multiple-choice question.

Instructions:
- Choose exactly ONE option.
- Answer using ONLY the letter (A, B, C, D, E, or F).
- Do not explain your reasoning.user

Question:
Overall, how does being a woman affect people's ability to get ahead in society these days?

Options:
A. Hurts a little
B. Hurts a lot
C. Neither helps nor hurts
D. Refused
E. Helps a lot
F. Helps a little

Answer:assistant

F.",meta-llama/Llama-3.1-8B-Instruct,0.7,0.9
145,RACESURV5j_W43,options_456123,0,"['Hurts a lot', 'Neither helps nor hurts', 'Refused', 'Helps a lot', 'Helps a little', 'Hurts a little']",F,Hurts a little,"system

Cutting Knowledge Date: December 2023
Today Date: 26 Jul 2024

You are answering a multiple-choice question.

Instructions:
- Choose exactly ONE option.
- Answer using ONLY the letter (A, B, C, D, E, or F).
- Do not explain your reasoning.user

Question:
Overall, how does being a woman affect people's ability to get ahead in society these days?

Options:
A. Hurts a lot
B. Neither helps nor hurts
C. Refused
D. Helps a lot
E. Helps a little
F. Hurts a little

Answer:assistant

F",meta-llama/Llama-3.1-8B-Instruct,0.7,0.9
145,RACESURV5j_W43,options_456123,1,"['Hurts a lot', 'Neither helps nor hurts', 'Refused', 'Helps a lot', 'Helps a little', 'Hurts a little']",F,Hurts a little,"system

Cutting Knowledge Date: December 2023
Today Date: 26 Jul 2024

You are answering a multiple-choice question.

Instructions:
- Choose exactly ONE option.
- Answer using ONLY the letter (A, B, C, D, E, or F).
- Do not explain your reasoning.user

Question:
Overall, how does being a woman affect people's ability to get ahead in society these days?

Options:
A. Hurts a lot
B. Neither helps nor hurts
C. Refused
D. Helps a lot
E. Helps a little
F. Hurts a little

Answer:assistant

F.",meta-llama/Llama-3.1-8B-Instruct,0.7,0.9
145,RACESURV5j_W43,options_456123,2,"['Hurts a lot', 'Neither helps nor hurts', 'Refused', 'Helps a lot', 'Helps a little', 'Hurts a little']",F,Hurts a little,"system

Cutting Knowledge Date: December 2023
Today Date: 26 Jul 2024

You are answering a multiple-choice question.

Instructions:
- Choose exactly ONE option.
- Answer using ONLY the letter (A, B, C, D, E, or F).
- Do not explain your reasoning.user

Question:
Overall, how does being a woman affect people's ability to get ahead in society these days?

Options:
A. Hurts a lot
B. Neither helps nor hurts
C. Refused
D. Helps a lot
E. Helps a little
F. Hurts a little

Answer:assistant

F.",meta-llama/Llama-3.1-8B-Instruct,0.7,0.9
145,RACESURV5j_W43,options_456123,3,"['Hurts a lot', 'Neither helps nor hurts', 'Refused', 'Helps a lot', 'Helps a little', 'Hurts a little']",F,Hurts a little,"system

Cutting Knowledge Date: December 2023
Today Date: 26 Jul 2024

You are answering a multiple-choice question.

Instructions:
- Choose exactly ONE option.
- Answer using ONLY the letter (A, B, C, D, E, or F).
- Do not explain your reasoning.user

Question:
Overall, how does being a woman affect people's ability to get ahead in society these days?

Options:
A. Hurts a lot
B. Neither helps nor hurts
C. Refused
D. Helps a lot
E. Helps a little
F. Hurts a little

Answer:assistant

F.",meta-llama/Llama-3.1-8B-Instruct,0.7,0.9
145,RACESURV5j_W43,options_456123,4,"['Hurts a lot', 'Neither helps nor hurts', 'Refused', 'Helps a lot', 'Helps a little', 'Hurts a little']",F,Hurts a little,"system

Cutting Knowledge Date: December 2023
Today Date: 26 Jul 2024

You are answering a multiple-choice question.

Instructions:
- Choose exactly ONE option.
- Answer using ONLY the letter (A, B, C, D, E, or F).
- Do not explain your reasoning.user

Question:
Overall, how does being a woman affect people's ability to get ahead in society these days?

Options:
A. Hurts a lot
B. Neither helps nor hurts
C. Refused
D. Helps a lot
E. Helps a little
F. Hurts a little

Answer:assistant

F.",meta-llama/Llama-3.1-8B-Instruct,0.7,0.9
145,RACESURV5j_W43,options_456123,5,"['Hurts a lot', 'Neither helps nor hurts', 'Refused', 'Helps a lot', 'Helps a little', 'Hurts a little']",F,Hurts a little,"system

Cutting Knowledge Date: December 2023
Today Date: 26 Jul 2024

You are answering a multiple-choice question.

Instructions:
- Choose exactly ONE option.
- Answer using ONLY the letter (A, B, C, D, E, or F).
- Do not explain your reasoning.user

Question:
Overall, how does being a woman affect people's ability to get ahead in society these days?

Options:
A. Hurts a lot
B. Neither helps nor hurts
C. Refused
D. Helps a lot
E. Helps a little
F. Hurts a little

Answer:assistant

F.",meta-llama/Llama-3.1-8B-Instruct,0.7,0.9
145,RACESURV5j_W43,options_456123,6,"['Hurts a lot', 'Neither helps nor hurts', 'Refused', 'Helps a lot', 'Helps a little', 'Hurts a little']",F,Hurts a little,"system

Cutting Knowledge Date: December 2023
Today Date: 26 Jul 2024

You are answering a multiple-choice question.

Instructions:
- Choose exactly ONE option.
- Answer using ONLY the letter (A, B, C, D, E, or F).
- Do not explain your reasoning.user

Question:
Overall, how does being a woman affect people's ability to get ahead in society these days?

Options:
A. Hurts a lot
B. Neither helps nor hurts
C. Refused
D. Helps a lot
E. Helps a little
F. Hurts a little

Answer:assistant

F.",meta-llama/Llama-3.1-8B-Instruct,0.7,0.9
145,RACESURV5j_W43,options_456123,7,"['Hurts a lot', 'Neither helps nor hurts', 'Refused', 'Helps a lot', 'Helps a little', 'Hurts a little']",F,Hurts a little,"system

Cutting Knowledge Date: December 2023
Today Date: 26 Jul 2024

You are answering a multiple-choice question.

Instructions:
- Choose exactly ONE option.
- Answer using ONLY the letter (A, B, C, D, E, or F).
- Do not explain your reasoning.user

Question:
Overall, how does being a woman affect people's ability to get ahead in society these days?

Options:
A. Hurts a lot
B. Neither helps nor hurts
C. Refused
D. Helps a lot
E. Helps a little
F. Hurts a little

Answer:assistant

F.",meta-llama/Llama-3.1-8B-Instruct,0.7,0.9
145,RACESURV5j_W43,options_456123,8,"['Hurts a lot', 'Neither helps nor hurts', 'Refused', 'Helps a lot', 'Helps a little', 'Hurts a little']",F,Hurts a little,"system

Cutting Knowledge Date: December 2023
Today Date: 26 Jul 2024

You are answering a multiple-choice question.

Instructions:
- Choose exactly ONE option.
- Answer using ONLY the letter (A, B, C, D, E, or F).
- Do not explain your reasoning.user

Question:
Overall, how does being a woman affect people's ability to get ahead in society these days?

Options:
A. Hurts a lot
B. Neither helps nor hurts
C. Refused
D. Helps a lot
E. Helps a little
F. Hurts a little

Answer:assistant

F.",meta-llama/Llama-3.1-8B-Instruct,0.7,0.9
145,RACESURV5j_W43,options_456123,9,"['Hurts a lot', 'Neither helps nor hurts', 'Refused', 'Helps a lot', 'Helps a little', 'Hurts a little']",F,Hurts a little,"system

Cutting Knowledge Date: December 2023
Today Date: 26 Jul 2024

You are answering a multiple-choice question.

Instructions:
- Choose exactly ONE option.
- Answer using ONLY the letter (A, B, C, D, E, or F).
- Do not explain your reasoning.user

Question:
Overall, how does being a woman affect people's ability to get ahead in society these days?

Options:
A. Hurts a lot
B. Neither helps nor hurts
C. Refused
D. Helps a lot
E. Helps a little
F. Hurts a little

Answer:assistant

F",meta-llama/Llama-3.1-8B-Instruct,0.7,0.9
145,RACESURV5j_W43,options_561234,0,"['Neither helps nor hurts', 'Refused', 'Helps a lot', 'Helps a little', 'Hurts a little', 'Hurts a lot']",F,Hurts a lot,"system

Cutting Knowledge Date: December 2023
Today Date: 26 Jul 2024

You are answering a multiple-choice question.

Instructions:
- Choose exactly ONE option.
- Answer using ONLY the letter (A, B, C, D, E, or F).
- Do not explain your reasoning.user

Question:
Overall, how does being a woman affect people's ability to get ahead in society these days?

Options:
A. Neither helps nor hurts
B. Refused
C. Helps a lot
D. Helps a little
E. Hurts a little
F. Hurts a lot

Answer:assistant

F",meta-llama/Llama-3.1-8B-Instruct,0.7,0.9
145,RACESURV5j_W43,options_561234,1,"['Neither helps nor hurts', 'Refused', 'Helps a lot', 'Helps a little', 'Hurts a little', 'Hurts a lot']",F,Hurts a lot,"system

Cutting Knowledge Date: December 2023
Today Date: 26 Jul 2024

You are answering a multiple-choice question.

Instructions:
- Choose exactly ONE option.
- Answer using ONLY the letter (A, B, C, D, E, or F).
- Do not explain your reasoning.user

Question:
Overall, how does being a woman affect people's ability to get ahead in society these days?

Options:
A. Neither helps nor hurts
B. Refused
C. Helps a lot
D. Helps a little
E. Hurts a little
F. Hurts a lot

Answer:assistant

F",meta-llama/Llama-3.1-8B-Instruct,0.7,0.9
145,RACESURV5j_W43,options_561234,2,"['Neither helps nor hurts', 'Refused', 'Helps a lot', 'Helps a little', 'Hurts a little', 'Hurts a lot']",E,Hurts a little,"system

Cutting Knowledge Date: December 2023
Today Date: 26 Jul 2024

You are answering a multiple-choice question.

Instructions:
- Choose exactly ONE option.
- Answer using ONLY the letter (A, B, C, D, E, or F).
- Do not explain your reasoning.user

Question:
Overall, how does being a woman affect people's ability to get ahead in society these days?

Options:
A. Neither helps nor hurts
B. Refused
C. Helps a lot
D. Helps a little
E. Hurts a little
F. Hurts a lot

Answer:assistant

E.",meta-llama/Llama-3.1-8B-Instruct,0.7,0.9
145,RACESURV5j_W43,options_561234,3,"['Neither helps nor hurts', 'Refused', 'Helps a lot', 'Helps a little', 'Hurts a little', 'Hurts a lot']",F,Hurts a lot,"system

Cutting Knowledge Date: December 2023
Today Date: 26 Jul 2024

You are answering a multiple-choice question.

Instructions:
- Choose exactly ONE option.
- Answer using ONLY the letter (A, B, C, D, E, or F).
- Do not explain your reasoning.user

Question:
Overall, how does being a woman affect people's ability to get ahead in society these days?

Options:
A. Neither helps nor hurts
B. Refused
C. Helps a lot
D. Helps a little
E. Hurts a little
F. Hurts a lot

Answer:assistant

F.",meta-llama/Llama-3.1-8B-Instruct,0.7,0.9
145,RACESURV5j_W43,options_561234,4,"['Neither helps nor hurts', 'Refused', 'Helps a lot', 'Helps a little', 'Hurts a little', 'Hurts a lot']",E,Hurts a little,"system

Cutting Knowledge Date: December 2023
Today Date: 26 Jul 2024

You are answering a multiple-choice question.

Instructions:
- Choose exactly ONE option.
- Answer using ONLY the letter (A, B, C, D, E, or F).
- Do not explain your reasoning.user

Question:
Overall, how does being a woman affect people's ability to get ahead in society these days?

Options:
A. Neither helps nor hurts
B. Refused
C. Helps a lot
D. Helps a little
E. Hurts a little
F. Hurts a lot

Answer:assistant

E.",meta-llama/Llama-3.1-8B-Instruct,0.7,0.9
145,RACESURV5j_W43,options_561234,5,"['Neither helps nor hurts', 'Refused', 'Helps a lot', 'Helps a little', 'Hurts a little', 'Hurts a lot']",E,Hurts a little,"system

Cutting Knowledge Date: December 2023
Today Date: 26 Jul 2024

You are answering a multiple-choice question.

Instructions:
- Choose exactly ONE option.
- Answer using ONLY the letter (A, B, C, D, E, or F).
- Do not explain your reasoning.user

Question:
Overall, how does being a woman affect people's ability to get ahead in society these days?

Options:
A. Neither helps nor hurts
B. Refused
C. Helps a lot
D. Helps a little
E. Hurts a little
F. Hurts a lot

Answer:assistant

E.",meta-llama/Llama-3.1-8B-Instruct,0.7,0.9
145,RACESURV5j_W43,options_561234,6,"['Neither helps nor hurts', 'Refused', 'Helps a lot', 'Helps a little', 'Hurts a little', 'Hurts a lot']",E,Hurts a little,"system

Cutting Knowledge Date: December 2023
Today Date: 26 Jul 2024

You are answering a multiple-choice question.

Instructions:
- Choose exactly ONE option.
- Answer using ONLY the letter (A, B, C, D, E, or F).
- Do not explain your reasoning.user

Question:
Overall, how does being a woman affect people's ability to get ahead in society these days?

Options:
A. Neither helps nor hurts
B. Refused
C. Helps a lot
D. Helps a little
E. Hurts a little
F. Hurts a lot

Answer:assistant

E.",meta-llama/Llama-3.1-8B-Instruct,0.7,0.9
145,RACESURV5j_W43,options_561234,7,"['Neither helps nor hurts', 'Refused', 'Helps a lot', 'Helps a little', 'Hurts a little', 'Hurts a lot']",E,Hurts a little,"system

Cutting Knowledge Date: December 2023
Today Date: 26 Jul 2024

You are answering a multiple-choice question.

Instructions:
- Choose exactly ONE option.
- Answer using ONLY the letter (A, B, C, D, E, or F).
- Do not explain your reasoning.user

Question:
Overall, how does being a woman affect people's ability to get ahead in society these days?

Options:
A. Neither helps nor hurts
B. Refused
C. Helps a lot
D. Helps a little
E. Hurts a little
F. Hurts a lot

Answer:assistant

E.",meta-llama/Llama-3.1-8B-Instruct,0.7,0.9
145,RACESURV5j_W43,options_561234,8,"['Neither helps nor hurts', 'Refused', 'Helps a lot', 'Helps a little', 'Hurts a little', 'Hurts a lot']",E,Hurts a little,"system

Cutting Knowledge Date: December 2023
Today Date: 26 Jul 2024

You are answering a multiple-choice question.

Instructions:
- Choose exactly ONE option.
- Answer using ONLY the letter (A, B, C, D, E, or F).
- Do not explain your reasoning.user

Question:
Overall, how does being a woman affect people's ability to get ahead in society these days?

Options:
A. Neither helps nor hurts
B. Refused
C. Helps a lot
D. Helps a little
E. Hurts a little
F. Hurts a lot

Answer:assistant

E.",meta-llama/Llama-3.1-8B-Instruct,0.7,0.9
145,RACESURV5j_W43,options_561234,9,"['Neither helps nor hurts', 'Refused', 'Helps a lot', 'Helps a little', 'Hurts a little', 'Hurts a lot']",E,Hurts a little,"system

Cutting Knowledge Date: December 2023
Today Date: 26 Jul 2024

You are answering a multiple-choice question.

Instructions:
- Choose exactly ONE option.
- Answer using ONLY the letter (A, B, C, D, E, or F).
- Do not explain your reasoning.user

Question:
Overall, how does being a woman affect people's ability to get ahead in society these days?

Options:
A. Neither helps nor hurts
B. Refused
C. Helps a lot
D. Helps a little
E. Hurts a little
F. Hurts a lot

Answer:assistant

E",meta-llama/Llama-3.1-8B-Instruct,0.7,0.9
145,RACESURV5j_W43,options_612345,0,"['Refused', 'Helps a lot', 'Helps a little', 'Hurts a little', 'Hurts a lot', 'Neither helps nor hurts']",F,Neither helps nor hurts,"system

Cutting Knowledge Date: December 2023
Today Date: 26 Jul 2024

You are answering a multiple-choice question.

Instructions:
- Choose exactly ONE option.
- Answer using ONLY the letter (A, B, C, D, E, or F).
- Do not explain your reasoning.user

Question:
Overall, how does being a woman affect people's ability to get ahead in society these days?

Options:
A. Refused
B. Helps a lot
C. Helps a little
D. Hurts a little
E. Hurts a lot
F. Neither helps nor hurts

Answer:assistant

F",meta-llama/Llama-3.1-8B-Instruct,0.7,0.9
145,RACESURV5j_W43,options_612345,1,"['Refused', 'Helps a lot', 'Helps a little', 'Hurts a little', 'Hurts a lot', 'Neither helps nor hurts']",F,Neither helps nor hurts,"system

Cutting Knowledge Date: December 2023
Today Date: 26 Jul 2024

You are answering a multiple-choice question.

Instructions:
- Choose exactly ONE option.
- Answer using ONLY the letter (A, B, C, D, E, or F).
- Do not explain your reasoning.user

Question:
Overall, how does being a woman affect people's ability to get ahead in society these days?

Options:
A. Refused
B. Helps a lot
C. Helps a little
D. Hurts a little
E. Hurts a lot
F. Neither helps nor hurts

Answer:assistant

F.",meta-llama/Llama-3.1-8B-Instruct,0.7,0.9
145,RACESURV5j_W43,options_612345,2,"['Refused', 'Helps a lot', 'Helps a little', 'Hurts a little', 'Hurts a lot', 'Neither helps nor hurts']",F,Neither helps nor hurts,"system

Cutting Knowledge Date: December 2023
Today Date: 26 Jul 2024

You are answering a multiple-choice question.

Instructions:
- Choose exactly ONE option.
- Answer using ONLY the letter (A, B, C, D, E, or F).
- Do not explain your reasoning.user

Question:
Overall, how does being a woman affect people's ability to get ahead in society these days?

Options:
A. Refused
B. Helps a lot
C. Helps a little
D. Hurts a little
E. Hurts a lot
F. Neither helps nor hurts

Answer:assistant

F",meta-llama/Llama-3.1-8B-Instruct,0.7,0.9
145,RACESURV5j_W43,options_612345,3,"['Refused', 'Helps a lot', 'Helps a little', 'Hurts a little', 'Hurts a lot', 'Neither helps nor hurts']",F,Neither helps nor hurts,"system

Cutting Knowledge Date: December 2023
Today Date: 26 Jul 2024

You are answering a multiple-choice question.

Instructions:
- Choose exactly ONE option.
- Answer using ONLY the letter (A, B, C, D, E, or F).
- Do not explain your reasoning.user

Question:
Overall, how does being a woman affect people's ability to get ahead in society these days?

Options:
A. Refused
B. Helps a lot
C. Helps a little
D. Hurts a little
E. Hurts a lot
F. Neither helps nor hurts

Answer:assistant

F.",meta-llama/Llama-3.1-8B-Instruct,0.7,0.9
145,RACESURV5j_W43,options_612345,4,"['Refused', 'Helps a lot', 'Helps a little', 'Hurts a little', 'Hurts a lot', 'Neither helps nor hurts']",F,Neither helps nor hurts,"system

Cutting Knowledge Date: December 2023
Today Date: 26 Jul 2024

You are answering a multiple-choice question.

Instructions:
- Choose exactly ONE option.
- Answer using ONLY the letter (A, B, C, D, E, or F).
- Do not explain your reasoning.user

Question:
Overall, how does being a woman affect people's ability to get ahead in society these days?

Options:
A. Refused
B. Helps a lot
C. Helps a little
D. Hurts a little
E. Hurts a lot
F. Neither helps nor hurts

Answer:assistant

F",meta-llama/Llama-3.1-8B-Instruct,0.7,0.9
145,RACESURV5j_W43,options_612345,5,"['Refused', 'Helps a lot', 'Helps a little', 'Hurts a little', 'Hurts a lot', 'Neither helps nor hurts']",F,Neither helps nor hurts,"system

Cutting Knowledge Date: December 2023
Today Date: 26 Jul 2024

You are answering a multiple-choice question.

Instructions:
- Choose exactly ONE option.
- Answer using ONLY the letter (A, B, C, D, E, or F).
- Do not explain your reasoning.user

Question:
Overall, how does being a woman affect people's ability to get ahead in society these days?

Options:
A. Refused
B. Helps a lot
C. Helps a little
D. Hurts a little
E. Hurts a lot
F. Neither helps nor hurts

Answer:assistant

F",meta-llama/Llama-3.1-8B-Instruct,0.7,0.9
145,RACESURV5j_W43,options_612345,6,"['Refused', 'Helps a lot', 'Helps a little', 'Hurts a little', 'Hurts a lot', 'Neither helps nor hurts']",F,Neither helps nor hurts,"system

Cutting Knowledge Date: December 2023
Today Date: 26 Jul 2024

You are answering a multiple-choice question.

Instructions:
- Choose exactly ONE option.
- Answer using ONLY the letter (A, B, C, D, E, or F).
- Do not explain your reasoning.user

Question:
Overall, how does being a woman affect people's ability to get ahead in society these days?

Options:
A. Refused
B. Helps a lot
C. Helps a little
D. Hurts a little
E. Hurts a lot
F. Neither helps nor hurts

Answer:assistant

F",meta-llama/Llama-3.1-8B-Instruct,0.7,0.9
145,RACESURV5j_W43,options_612345,7,"['Refused', 'Helps a lot', 'Helps a little', 'Hurts a little', 'Hurts a lot', 'Neither helps nor hurts']",F,Neither helps nor hurts,"system

Cutting Knowledge Date: December 2023
Today Date: 26 Jul 2024

You are answering a multiple-choice question.

Instructions:
- Choose exactly ONE option.
- Answer using ONLY the letter (A, B, C, D, E, or F).
- Do not explain your reasoning.user

Question:
Overall, how does being a woman affect people's ability to get ahead in society these days?

Options:
A. Refused
B. Helps a lot
C. Helps a little
D. Hurts a little
E. Hurts a lot
F. Neither helps nor hurts

Answer:assistant

F",meta-llama/Llama-3.1-8B-Instruct,0.7,0.9
145,RACESURV5j_W43,options_612345,8,"['Refused', 'Helps a lot', 'Helps a little', 'Hurts a little', 'Hurts a lot', 'Neither helps nor hurts']",F,Neither helps nor hurts,"system

Cutting Knowledge Date: December 2023
Today Date: 26 Jul 2024

You are answering a multiple-choice question.

Instructions:
- Choose exactly ONE option.
- Answer using ONLY the letter (A, B, C, D, E, or F).
- Do not explain your reasoning.user

Question:
Overall, how does being a woman affect people's ability to get ahead in society these days?

Options:
A. Refused
B. Helps a lot
C. Helps a little
D. Hurts a little
E. Hurts a lot
F. Neither helps nor hurts

Answer:assistant

F",meta-llama/Llama-3.1-8B-Instruct,0.7,0.9
145,RACESURV5j_W43,options_612345,9,"['Refused', 'Helps a lot', 'Helps a little', 'Hurts a little', 'Hurts a lot', 'Neither helps nor hurts']",F,Neither helps nor hurts,"system

Cutting Knowledge Date: December 2023
Today Date: 26 Jul 2024

You are answering a multiple-choice question.

Instructions:
- Choose exactly ONE option.
- Answer using ONLY the letter (A, B, C, D, E, or F).
- Do not explain your reasoning.user

Question:
Overall, how does being a woman affect people's ability to get ahead in society these days?

Options:
A. Refused
B. Helps a lot
C. Helps a little
D. Hurts a little
E. Hurts a lot
F. Neither helps nor hurts

Answer:assistant

F",meta-llama/Llama-3.1-8B-Instruct,0.7,0.9
